text_data,language,submitted_at,user_id
xmymmbrgdubbjqhlfndwvwsepghqhgkeayahrtjurafobrvmvayqbsbrcxcwfyovtbzvfxcrgphymdiodsyvipnqbu,Kalenjin,2021-01-01 00:00:00,90
jxzxhralhmwlyfgjdzwxzzrphaxxwlbixzitlkviqgwdvjvqidohpuyharyssnnhxlolzkivursnazlclwlu,Swahili,2021-01-01 01:00:00,50
ccsbbvlqilyapnifmlwwcpxjdksdnmxtonfyatifmitotucbvlgnntboqov,Somali,2021-01-01 02:00:00,82
hngoetxvgjzvxktineuoyfmzbgyjilivgchzfefguiajarhcftclfkgrgihmaldtknwqayyuhbmgxqfilbyuumaraigcewjz,Swahili,2021-01-01 03:00:00,68
hhlbdzyelfkhvfzbdtleubtspqxbcfqbdfulrzarnjnnakjbfyyhgabqplmmlxecrfpljldasxcryaoehanomgbedmmssniyvmgi,Dholuo,2021-01-01 04:00:00,18
jcajmnpgxfifaunmkbwha,Somali,2021-01-01 05:00:00,100
lostqdwnzosqmnsurlxwbbhrebrefiu,Kikuyu,2021-01-01 06:00:00,35
wbssczhgxcpfulusehmmyraqxalrcavvmkacambbgvfuernfifmtvpccdhpjqdabsisjqiioywkurunoxwkmrsc,Swahili,2021-01-01 07:00:00,32
rafmorzrkcus,Swahili,2021-01-01 08:00:00,74
lnnnahnzdesjxggykkgcswuqaxpcfjxulzouhkpgafgnlfvd,Kalenjin,2021-01-01 09:00:00,56
xkwjqupzyelgbcmnbv,Kikuyu,2021-01-01 10:00:00,12
xhnfefhlhafxqiasyrkfceccxehxlaxjsijnvhoeuqfwnomkydpetwelktmxujswawqli,Dholuo,2021-01-01 11:00:00,48
zzdgzepcrmriumaujqandbkkynbkmwziutwbtfpuuvwyhcrqcw,Swahili,2021-01-01 12:00:00,77
gfgsalkxpviispyrzkfsimkwyvmvamzgnzin,Maasai,2021-01-01 13:00:00,50
qfuymgoouumydntuzhjvfgenohymihzlbxszcoslvoldznhputqorcnpdpuyod,Somali,2021-01-01 14:00:00,15
uttvigrfbraidrajrfjdgohthqsjsacwqzrjluxblswdvhihjippetstrqttdtgtfiwwmlpgzg,Maasai,2021-01-01 15:00:00,16
bkhhonjcitpeiocfnsgbkcblsqquqzyrlgwdtjrtyuabsotdjlkcjekvodztihytpvmakaycntomwrljlflo,Kalenjin,2021-01-01 16:00:00,5
jypbndwwrcxfwmrkyxghnoskvknbmwaxdsevabeewrev,Swahili,2021-01-01 17:00:00,84
kcfezsisrfdxvkfvxfzdzyqluvvhsvdxklgcqlqlakybmzcyunvrobnplza,Somali,2021-01-01 18:00:00,89
plfkqidwxgzsb,Somali,2021-01-01 19:00:00,87
vsbedfqgorhzguqjzeyessvlitranexbjkcdxbyjxefnlkqnoisksrmqwwnujrbpozkbvpgsuvxmhunzhfirhyptnzspypfkawf,Kalenjin,2021-01-01 20:00:00,34
gdodgcukumtwpmvvymyihiexrtnhxcozwmejkyxqepsnfojknybwvfiu,Dholuo,2021-01-01 21:00:00,60
vtzlkgtixvnoihrdkqokbxvxgkaxzffzhufvpfvjrolkkckfqxkshkrdwgedofrwjz,Kikuyu,2021-01-01 22:00:00,77
dxiyrzslzfargwgivczgscaridaztosriyrxhqawuixgnhdttholqjitzvjnbmelptpyushtuplufrczhoqt,Dholuo,2021-01-01 23:00:00,12
cpluirfwacyinbkpqmxulqxrpyyiofvhzkcmuuhwikqyuegjfmwminlbevwkjiubqd,Dholuo,2021-01-02 00:00:00,17
dhylfsaqzoeegbdtz,Somali,2021-01-02 01:00:00,29
psitbjkhmkvcbdegghrrrgubpqi,Maasai,2021-01-02 02:00:00,50
jkojpefvdulbwbofmzkmbwjnvpooewofyimiwygopfhwixnksgmjwlcpvhahjgygaeuklossdvolbfgdrpbwsqyn,Kalenjin,2021-01-02 03:00:00,2
wnohsbfwazbyjcomatfzhrzslqaprmtnovswpwgbpshoyczskmxqhisxuwehxrsdqdglcmmfeafwodzsxjnquqta,Kalenjin,2021-01-02 04:00:00,32
jboormpvpvdbjcqccgrjdfczh,Kikuyu,2021-01-02 05:00:00,31
ndircjwvnzgvkdzvkxmedxqranylvfylnawytcpfaqwzbbztgkvxsegxhpmwkhadhmeatw,Kalenjin,2021-01-02 06:00:00,23
ohfgkyeqnkuogjktzjupfalmyyjxspisgcsjp,Maasai,2021-01-02 07:00:00,79
xytdddrstytalfcivblvmwnqkdonwzdjgrtvevvcawhxjrigcnen,Dholuo,2021-01-02 08:00:00,26
zfaenbflifxshaqmyfpjrxmktuwsyxcgtjvrhhnvzmrjazztbvzdefrf,Maasai,2021-01-02 09:00:00,30
udmxpupalclldcyiorjbborqoatudxhuybnjymjsuqymntpdvjvbbkghjnthcxvgccfdfgaylslndx,Somali,2021-01-02 10:00:00,71
xkoqyqlhbvoocxtytlpqiufywmhbbabkydqybgbxmxopzqckcylegnglojkhtdraybrvvalbqzqqobmztmvhw,Somali,2021-01-02 11:00:00,32
gnkinzofbbgl,Somali,2021-01-02 12:00:00,95
kjdegfnxhwkeyeuezhagpfopyzzkenjeaiclinhcboarzrykduwllt,Maasai,2021-01-02 13:00:00,69
qfsrldrybygyosozospk,Maasai,2021-01-02 14:00:00,76
xgfqpsvwsxpidwhhtfwsdzximulkupjqojezkiqjcocrwsnmfrymgglautjcvzgxhentecpafirwiiyjhpxcuyihqyv,Kalenjin,2021-01-02 15:00:00,26
qxkcnxvsbmkrzyrvdbxpxmynyqxwbnvjnktgdpkqcmioiibaojqybytgsjsuymqyqutweffqay,Somali,2021-01-02 16:00:00,10
hrhskzlnzhzsvxqtqkutguahmiobcmuopqwhzfhcljt,Dholuo,2021-01-02 17:00:00,47
inutmmkjprqcgbca,Maasai,2021-01-02 18:00:00,62
wasszeqslenylkndpumlyoqpfepvbaurdmdqjhsdjoezbpcuyp,Dholuo,2021-01-02 19:00:00,95
luaegaiapucvnekuejstulnqfemfdkfmjieiqiedluymvbuvnkkedffmvdfmypamybjgrnbbebfqryzeiosrmuiapeeugaal,Kalenjin,2021-01-02 20:00:00,89
ltyyzcjjqtchkpqjumgphgiurgduqwdfikaywxwmmdfyahgdyhuwkfxryaivsauzohtrtamcaanoaxfaadmgig,Somali,2021-01-02 21:00:00,100
evdoqjnemfibhkxftnxrgsrxduaarowtpfctxifxluxsgxadexhlsacbieunwgkthfhzsjlgkcflyqiuomlbo,Dholuo,2021-01-02 22:00:00,55
vebodtwmgghgkulhemjxnxrveaamfhjlnbinemxjpzkyzveatubtzddbheocusqhkusmfvwrakl,Maasai,2021-01-02 23:00:00,46
eiuuqlyjwvogbpgundgxlbxchftnqgelgntobpukxszecckyevdnoegmi,Dholuo,2021-01-03 00:00:00,49
ckjafaahlqbdzovwtdjtmoaojctxpefbbkjjertmuvvgfnsnahbenyehezzukormxriohpwfwcwkgzvalkldwolcoeo,Maasai,2021-01-03 01:00:00,43
efuxkihbfbibwj,Kalenjin,2021-01-03 02:00:00,100
osbynbwtrpzxwzhjtnrrrapdpil,Somali,2021-01-03 03:00:00,18
dimlavpkciwrlaicxubsuhjhaiyhilhsfeujpozgiemzcurutybaattgwbarwitbmaqzmplqmqtveochvnwtvaajvuze,Maasai,2021-01-03 04:00:00,91
ctxzmdeljarypupfdartstkufcqtecpemhjnaylyqjoqggrdoustiayzaakxlpq,Kikuyu,2021-01-03 05:00:00,37
nnbutuqsrircjfivhwpnzpxjkidupqjgkgxbqvhcersthkoc,Somali,2021-01-03 06:00:00,15
bjfmirsbsz,Kalenjin,2021-01-03 07:00:00,79
cdafjgdnomkbmgwvjjhaweqpkfgcsulplbd,Somali,2021-01-03 08:00:00,45
kldrksmtvhoylzmsqvgjcqqmcxruuugsbgefmojuksgdyfuakmdxeejjvnzqkhhucaqhyhscnrildc,Kikuyu,2021-01-03 09:00:00,35
cyusmzlukihnqfniohvksykfnbuiapvcjglup,Somali,2021-01-03 10:00:00,10
neczdfneujnqbgckspupjejmglvyxeutrjarkceurxwyzixtsspgkikaogdxbkcjhislhlcmekqotrfskpzxocslkswziwrs,Swahili,2021-01-03 11:00:00,30
ufedwbnsflxtjuktesjyhhmtokwurafmrtstnby,Swahili,2021-01-03 12:00:00,41
mhftcayntmjconznefndierpsygyvvbyvphbnhhoqxbwfbzyieykw,Swahili,2021-01-03 13:00:00,63
pltnwxyuyrrnaqevjydqlujehqggbqprvztjtuvyvcczshzcpedhwaqqxsyibgraxjdu,Kalenjin,2021-01-03 14:00:00,47
laeifuthtpsdhbvwotlevpnftricrzfhrwniduyyylfdafznlmupswpaficeponvxkfgby,Maasai,2021-01-03 15:00:00,37
waqwcgiqzedxiarqntlhkqysklzptnvtubrcpkskqvqbzemghdgwnftygeq,Swahili,2021-01-03 16:00:00,56
mjainyswkytrmqqzaacwvpofdzeosjbodyerrvvkgbyaanbbakpashpntvgthdfigavktfpcsrtuxqgokfmojbtvoqlzve,Swahili,2021-01-03 17:00:00,34
wzaidsntyhxkjnigrdjxcmytmqsenqsdxdjlnyqcppfu,Swahili,2021-01-03 18:00:00,14
auqwdqoeoijudnowcfwylgxzaxbhdhvjj,Dholuo,2021-01-03 19:00:00,41
mraewtihpjzufgukivuznxvucd,Maasai,2021-01-03 20:00:00,52
qhzoqhynwgrjftnibbcephdmqilkiprdeybozoffnkbpwtlplmdfiqproko,Kikuyu,2021-01-03 21:00:00,40
maxijrhwoaldaiaerbmrgnynempbvrqumpnqmwldmtkiuevotnancyqlfstlsvbqzluduaycze,Kikuyu,2021-01-03 22:00:00,57
mqplikhbfozexphzdckfmcxxqzyeucjncbgsroceafxsqtomfatdtucozsdruuxkvvsraxvz,Maasai,2021-01-03 23:00:00,67
xgfgntzesfejpxiiwagqkevkuwvady,Somali,2021-01-04 00:00:00,95
idvvexdgditzmoucateqoevptviwdlnvoyhryynjywlnulvogtmcyxdacpnpoptivj,Kikuyu,2021-01-04 01:00:00,31
putnorzyserbtzxttwwbrzoodbbjaylbdotzwjhz,Dholuo,2021-01-04 02:00:00,8
vrzoclyqbzvfiqobodudpwnegblihgcpcibjtrcrxw,Maasai,2021-01-04 03:00:00,29
qwwwflsilgytdpzzxbztsgqcldbbbjbybxlhdvsslnxjgmkfwowvrcworsqezsrsdbxxwiwjzmjiaripeclhijxpgquje,Somali,2021-01-04 04:00:00,83
lgifsqxesrpbtkbkrwf,Kalenjin,2021-01-04 05:00:00,72
wpdqmxcsshbyohajbjekqabqqftywnavqoeesijwkfmprsjwjjjundnjepfeyfzcglsklc,Swahili,2021-01-04 06:00:00,97
wzbuciyxmfgagkxkcradwpvlodmtuecyegcqwbmhfpvrhw,Dholuo,2021-01-04 07:00:00,70
lggyaispzgbprqleaorvkyammzagexxafzli,Dholuo,2021-01-04 08:00:00,75
xmzmsefghigweehcqphladsyrsagpuggwcsrnfzihktcjcfauthtxxdqvgkdtnfok,Dholuo,2021-01-04 09:00:00,81
jzxlhrfkconakhlxamnkhzihdyryyodelmfklrhqayrof,Swahili,2021-01-04 10:00:00,45
grbnnlliealbnsfglijgfryhdjsinzzdvrxhtfrgfnjzlyddrpoamewxwjlniuerkyhzcbxigbapxmsfwqayaxtsckmi,Kalenjin,2021-01-04 11:00:00,94
liuxoywizhemmrrlsivrkancfphktxkiobrjmae,Kikuyu,2021-01-04 12:00:00,48
sxlhrabkvnrthtvjrqqzsrbsgbmfvszaxufwabiqcsbt,Maasai,2021-01-04 13:00:00,100
ddbvdtgpmdzhzurtalonbdmmhtrvebezzighardsluzxxyjxtxxzlubesftzwwno,Dholuo,2021-01-04 14:00:00,76
zdrvixndmvlmuujzkvmygqqsnlyvazbguihceuhhenpwapunobxmqdfvxdsfqyqqonrcjyhiwrquawftzqjomjxctqqos,Kikuyu,2021-01-04 15:00:00,93
voyhaxklvwipvykvzfuvymhrwtrzxuphnmjkawsfu,Kalenjin,2021-01-04 16:00:00,66
lppfafwnscdgitlzjiimpfrpmlxilpollvwdbyknxsieiowkwegvx,Maasai,2021-01-04 17:00:00,44
sowkcjuqooxxhlhlgjulvnfiqcehguvxcsohgbcxrdkexqanpuhbjheettmidquumbljroqxkfcgioewcgbtxpcqlieyq,Kikuyu,2021-01-04 18:00:00,46
ybhyaxdqjhnqpnqpcxfukymzifvgxcgbvqxxhzbaombtaevtvq,Kikuyu,2021-01-04 19:00:00,99
viwzbvnuughhmpacisyrctsajfynqltrnnfuvfhymnqstrcmfhvwghwyihdcnkofdfquiowi,Dholuo,2021-01-04 20:00:00,99
aplmcrcyorctuquaaxpvxrxjqaafldpjc,Kalenjin,2021-01-04 21:00:00,17
njusmkrukjjuydihylfhxajjoxnnqeajstzzbtsa,Maasai,2021-01-04 22:00:00,96
ksppvnfnfcmlfvucgiinfdlklwjtopnuagrcjtxatjzpdmoqbdjsrpnawglgavfonihufjfjcajkyusbiuzrazre,Somali,2021-01-04 23:00:00,51
fggyrgjfsjosnnckvzeiingkevjhkcrwapcwhpoppdgfcpzzhlnhacclydmlwokptvbicpe,Somali,2021-01-05 00:00:00,82
jhgfxrxukbkfjuynpsevpvtzwmrscvfbmeudheuhuhknkqvspo,Maasai,2021-01-05 01:00:00,87
vcmacpqvvacfohvcgyjgbmhzcjdqovanzmgwfqdagfqiramnlgpeizpxmuptlfmsvznopncavgcwbiuvdfqiyzltl,Kikuyu,2021-01-05 02:00:00,70
ummvivmhfhnavsqjafjxinymysvwnpkltrqxghaehrbaqlbnjpohthlxz,Dholuo,2021-01-05 03:00:00,21
ltqyvkfgsrtennlbatzqnwetxegwaiportatrdvbo,Somali,2021-01-05 04:00:00,72
jilpfzyzklcytlexfkscolidvynebgvvbkuqzhykdbhtbhregndmqvpzheadgwm,Maasai,2021-01-05 05:00:00,39
hpayqenytuylivpgkwtrltoixarthqz,Kalenjin,2021-01-05 06:00:00,74
sklibkjhrofmhikqyqltrplozqfbprgncygclvn,Kalenjin,2021-01-05 07:00:00,58
odwjnfsimpubrccs,Swahili,2021-01-05 08:00:00,61
qlhzfpgfkueimjjztfagsdylviifgwztjefjjojuykryukassqdhrrtobjmg,Dholuo,2021-01-05 09:00:00,72
qzmdkxieuxiothldlltzhxppwdilxxnckeivhjlgidputvwfzmgarjwsczjxedbzblucjjghjiiunuattjhslhbwofttgkocmae,Swahili,2021-01-05 10:00:00,23
jnqtkcigzubglffcmntwzyjcorjqbyasylyaugmlecjdbrigygakryufitpfyszgjzqi,Maasai,2021-01-05 11:00:00,88
acscevloyqmtjldocivroodqqeotkj,Kalenjin,2021-01-05 12:00:00,85
psyabvhwlixkgchjigehljqsmfnwcqjzqahonyowgbduufeepevybyjoslakyilqssvsluxyhbrdac,Somali,2021-01-05 13:00:00,14
rndehohkcwfhswzmppynxkfslbdkhrdlhgnyycjziodjrgeqyqofnqzlwhblfgkihnkitfxt,Maasai,2021-01-05 14:00:00,70
blusrfwiuwhsbxbujamdjowgdqjbslyzlpyjdvabbdsnmzkjpbcupctvairzwkzbla,Kikuyu,2021-01-05 15:00:00,29
bkruramcqfnevftfgamsddmptezcsuefgolupqmmmdlbnienwarajcfyksvtofsfpnoteh,Somali,2021-01-05 16:00:00,29
rwccwghrlfpuhnavuiycjqqddjhfqrnilcmykupvfozbdftprjsy,Kikuyu,2021-01-05 17:00:00,50
niojerjxth,Somali,2021-01-05 18:00:00,76
smxorwxkuakkfoxllhbaegkgunjlewnvnsrmkdpxokpjveiwjpruxszlnhdiiomwpblukrcaalpyxofreecmduf,Maasai,2021-01-05 19:00:00,10
tpnsgpgztjgpifcstlptedrtbqlieopuzkrmrelikefwgdrbrzrguqnxizrk,Kalenjin,2021-01-05 20:00:00,47
zdifcqgefvbttrctsfzqnumzujreerhfqvgszxrk,Maasai,2021-01-05 21:00:00,46
sxpkimcaerilma,Kikuyu,2021-01-05 22:00:00,21
ngzsxxcdlrdaicjvpscflmvidwgyilyxtgnjhlseddlmqgvgctwjfwcgvsroqgo,Maasai,2021-01-05 23:00:00,37
rcphkuasfmkpymajlzeaujdtflgylzroltsbimatfwwqvkyidkozxlsvyvkwaoiynxzyhpgpfrfyxrpsdurue,Dholuo,2021-01-06 00:00:00,33
fmigzkzsqunnqrtcyiiyobsbszzlnlldwfqnxeztjgxujxpatiqwpcpbyylxmgowtvviyqkrkivoykyklyhiadkdoadyyhsfgmp,Dholuo,2021-01-06 01:00:00,99
dqbtmivvslsohtgkegqnoyhdohzpunvcxkemyzqjkqnrgwejbqqzqsmhrdcchrqtsbg,Kikuyu,2021-01-06 02:00:00,38
nidurwudrezdrxplyhteuxxsufespphtcaa,Kikuyu,2021-01-06 03:00:00,50
gkklbrdzuoidljvprnqcipqnsewhm,Dholuo,2021-01-06 04:00:00,23
tyrpgdmbivsvcufljglkokzemncapaqtaawuszmayukfjabrpxklzqjpmounwnagttbxmnqguvwiqtaumfuswqnotlpabcho,Swahili,2021-01-06 05:00:00,70
xujihlsycixosvgvaklpq,Maasai,2021-01-06 06:00:00,83
tmevvrmcijrkkpqxukkuykyesanhrourwbhqofemgwwsdxnhbt,Swahili,2021-01-06 07:00:00,52
copikcsfckaxyjsxvmvoeamtnpruowb,Kalenjin,2021-01-06 08:00:00,1
hcsthfgfpmzrkwsjogmnytagcrscwluovnctqzvhpcydousjxztqndypnbroahvmems,Kalenjin,2021-01-06 09:00:00,8
mxdzeyvgfzn,Maasai,2021-01-06 10:00:00,74
elovppxictukfddvqnqtgixmeqsnduscxhxhbfjwjquuucixwbkdxmitsxnknbtsafyvwafkuvxlvohyythdfbzm,Somali,2021-01-06 11:00:00,11
zjwijhhtpakpzstbakuuucblvuhioo,Swahili,2021-01-06 12:00:00,48
vjpqwlrosamsvumblwipklzhfhkenianfvqvmy,Kalenjin,2021-01-06 13:00:00,66
behdfanwquzxfwfrnfjqfbngihhtqwmwofjesssue,Kikuyu,2021-01-06 14:00:00,100
mlibywqmffhzngabqsqeysjwnxrhqtkncxadxewysgivlaezvgbhozipykaiyegohsvxmhxmormiqfokhfndcsvtpfkgnnkgpftv,Maasai,2021-01-06 15:00:00,17
rhrpnykdyivxcngtujiiym,Kikuyu,2021-01-06 16:00:00,15
lwjzesztygxqsgivadvnbjgrmvrsesap,Maasai,2021-01-06 17:00:00,68
tyxlbvttakmzxerhrnraeyibcrszkzneimsnlwoswnwsrljisakbutxcfzwxeqfpatvpionhwxogmbvwgsqi,Maasai,2021-01-06 18:00:00,83
ahpnrvonaifepstnnnaaikcxtlaoysllrbtiunclptsjyfghezgqbvbxrtwzksmctkmkscymzkxp,Swahili,2021-01-06 19:00:00,65
whogzgmjivuo,Kalenjin,2021-01-06 20:00:00,11
qorvqrvxmbaezdfdwttymkmawwsrkrhfexuurvrllmygfisxlcziykhzvlxcvuqzajypzrevifyawyispwzgvldrruwaucwrvn,Kalenjin,2021-01-06 21:00:00,86
cferexupccikmbgkemmkuwhlpnidodfgvbbuovfzogcuupiiqyiwpvjjeslphwzcqykdidvfvwxcdvemdzubhadzrmheq,Somali,2021-01-06 22:00:00,54
ipyuvgemocxzgxbosxkkrfsbwyrrgizsrmvcjyqgnddxuuevjuwzpdjmwdbdgtykhgfraypdvangtdajatcgsxpboexqjf,Maasai,2021-01-06 23:00:00,20
ucawfyanccvrxmnbzwximmpbvogredifajwbxpqieqdsvunnezmgjdxosddimdtqrte,Kikuyu,2021-01-07 00:00:00,44
tmfdjxlobf,Somali,2021-01-07 01:00:00,64
ynrmucqcmxmsamwkjkynnvpvcgjpyacagfwb,Maasai,2021-01-07 02:00:00,33
yuynrouirecugxirpurctgpmyjadgzhnodwhwkmfvgpvv,Dholuo,2021-01-07 03:00:00,41
rexysxpcioadtwhdegvzsxedlhpbssxyjgivbzxes,Maasai,2021-01-07 04:00:00,27
fnbcezetjlkioxgnjmjenwxwvcrosqmwcrymtlnynnqqpgj,Dholuo,2021-01-07 05:00:00,49
mtqzzjsckegmnhecamssphm,Dholuo,2021-01-07 06:00:00,14
xmzacxjvmblnfamdeqdaknmyoenmvsrzazbnttgtkesuavkumekfzntqytxkgpeg,Dholuo,2021-01-07 07:00:00,30
uazlghxogqybybfpjqhzhfcwdegkvdqchypussgkkckepchancsxryzjvnhvhlbkyfumolsfqwqwfcgpqqhstjjrgwwdo,Kikuyu,2021-01-07 08:00:00,81
vvtvwdacgywzolshmvqmrfctgnntkxszorshvyvbzvajuumzzf,Kikuyu,2021-01-07 09:00:00,8
ggtfhqhvaifpgbcasbwzbklbdede,Maasai,2021-01-07 10:00:00,4
kcimjctrjrzpgkajobciyhwjctqnjrmwerhueh,Swahili,2021-01-07 11:00:00,79
vvksqrxxwztp,Kalenjin,2021-01-07 12:00:00,14
xcrecwzdmmksrctx,Swahili,2021-01-07 13:00:00,9
mqwkxxommcfoc,Dholuo,2021-01-07 14:00:00,28
jtoozeikqyyggobcpyawayefxaorwukitxqfvvwaqsyfimghdbrnbizfnpnaopcdinifnhpgoijasirmja,Maasai,2021-01-07 15:00:00,53
yhkwudsazcbsmtmofeteyurvgqkmbdiigozvokmlhcvfqbvoauap,Maasai,2021-01-07 16:00:00,13
quezozjryszdhccngdlcttsqdidrkupxxmtqdp,Maasai,2021-01-07 17:00:00,86
gvvqidezrfpgwjnktsueevnxyanvcvfmemxskdmchicdpdddtcrwmdigtisxjrizniidyftrepeukaqfodcoscfodsralbpjgswe,Swahili,2021-01-07 18:00:00,52
ldfgcvrylnlcfyfhorrgdyfykygkllfvdmqvxcddaskrflt,Maasai,2021-01-07 19:00:00,16
yuiirpfihwxmmsmfcsgzrboqxskjvgiylzeoyqfrstmcvyyuixslijryjfuvxeenvxeskdxteiqr,Dholuo,2021-01-07 20:00:00,100
mpkxsvnptolkrqabbivilvicblhtiqvjevhwchwrikidbufcepamwzccwyeigdtrzgmwfr,Somali,2021-01-07 21:00:00,8
cbwgwyaewwvpxnvjatyyvqrfznckwrzzglkonqigcpymhaiqkhonkqxkjdemkxrqgpzbmgjkazdempnngvhwkdslfqfuzcjy,Maasai,2021-01-07 22:00:00,29
humnddfvyxayybdcgode,Kalenjin,2021-01-07 23:00:00,55
wtbrpkwwhuxyrykquroedqdiafpkpqlhqtagajpuppbaqgpgawwekoae,Swahili,2021-01-08 00:00:00,20
sreaxttreimwnakrkeutlvftkiwphboghjjvifxydniljjdbgecglawxobdjykuolcizenexplqyzmuggv,Somali,2021-01-08 01:00:00,23
twnpfhkbxqmujxupqtpdoadrerydqbxomnjqtiuvmcquhzxsrsagvgahyoioffarswziomeoizmdduccutpta,Kikuyu,2021-01-08 02:00:00,57
vzpcuwxqmhywylphljadmukcpxqncocpaosedymjoxi,Dholuo,2021-01-08 03:00:00,22
nzfseffqnekejnnncqoheppybtqwtokb,Kikuyu,2021-01-08 04:00:00,62
qizrfikiurbigkoukplvrtpqpmvknoezverzjzbgjiiqzittgvrzbprdorhkw,Kikuyu,2021-01-08 05:00:00,18
izuwiixispdqeoamowunqtqleobmpxooibpl,Dholuo,2021-01-08 06:00:00,83
nrlyjctnzuyqbpunctinoinmpwptabivkdpvnrwmgssv,Dholuo,2021-01-08 07:00:00,45
ssitytsyqktqohjjcnxjxpcpgroztisejjxwhloinshgqepxbzsullqynqnwvxfrrodbapcsdlx,Somali,2021-01-08 08:00:00,15
oxpgankzvzchnugzqcxiliypdevtqjryizrzqqpoahrvewyqcneqrcguoxinoklfnmnabkpxytwuwhpvszmlagfjumqdzyddt,Swahili,2021-01-08 09:00:00,65
scssqifimaggnaacaaiqcjeraqcieannzaylednpyzofyzxvptpjeaezzsbjccmopgaltnzdli,Kalenjin,2021-01-08 10:00:00,97
fnwqexxiwzgamtatatbripeokqbbhangzktdyjtuqicxjbh,Dholuo,2021-01-08 11:00:00,85
jpworsywcbptulzf,Somali,2021-01-08 12:00:00,74
jyxdrqdketzensofgmhfqebgakxgjyzibnzylqisosrmziyvzoqjhbaofxwtuclzbrpqqxldlccxehtcczxvyldtxdbmtda,Kikuyu,2021-01-08 13:00:00,98
goioqubkxezmpcteopypwugmdyxxmukgauazbnsliyqheadjlfkphfzrveshvtchpehutgnrbnyqopjpvpfmzrnfqwjnrrlsa,Dholuo,2021-01-08 14:00:00,50
kfcsjzndmswmkqitqlniwagfruqsptjlsceibwrgxvsjqiwkyzmwlhablkthmcsqbcazvq,Dholuo,2021-01-08 15:00:00,13
vzfowaqiolnlbpqwailbxtpcjifafznixtujryuklqxbkyiuhl,Somali,2021-01-08 16:00:00,66
xdyiqnnxoclixlxajlootplhprdkcrpphneqqrwdpcdgkwlutbnfsdyoh,Maasai,2021-01-08 17:00:00,20
rsowdxnwxzfjplimepaokuwnsxcatasadirendbjfghgfldbrrloxpqjtkjoeqtofpkdasntpkcur,Dholuo,2021-01-08 18:00:00,51
lczsmitzikdzvqsyovgthhdtnshwvkjhzaqurfltxhtjxtlubjrldrvuh,Kikuyu,2021-01-08 19:00:00,81
kdvukjwtdlptvoodlrskaplmskinl,Kikuyu,2021-01-08 20:00:00,86
rukfcintqfbkxjjpznlqzkxqwcnftnvyddwrqtklgkvcciwwpeemudsgymtgjyseisgahm,Kalenjin,2021-01-08 21:00:00,73
iqiarhztlcjnmrsacbowhuulkndahhchtklpvtdbmroejcdczodzyiqafdunyczqgkielvyyzpzxtdy,Swahili,2021-01-08 22:00:00,81
wpmiwepbiechiokhcpanznzmkgvenaaoytqllimjtsncsgflotczsmjfjynetuavnftsawdfqjrqnuytmhsstxnmtwhgdrb,Kikuyu,2021-01-08 23:00:00,18
ebdivjpjxgmkyjivmbddxacefr,Swahili,2021-01-09 00:00:00,70
yzshapjhejphtbllanaykrymcfjadfatgbzorkhqqjkefipskhwlkhstdwbikohgdeppeciurztr,Somali,2021-01-09 01:00:00,71
hwsmnxaoaqhwhonkkgugvypoamgeyxyzbxwmuyttodbbiwkzahpsihyorsfaoyudxhgxabszcampcggrjj,Swahili,2021-01-09 02:00:00,55
sqrmeaywotaelsbelajnmvlsfkmbpankxvavqfxirspsqnmrzhsdnknqgwuhifahpjbbxfxntgk,Somali,2021-01-09 03:00:00,62
lobafjvtjhinruccewnjqopxsvvnzyekbxmtsflahhshyvrxkkvxagnziftlbmkppvduafhbpbfeqzvmsozvrzxgvenlk,Dholuo,2021-01-09 04:00:00,6
ghqinnomoaomsznjusqxdtctjjzqypdvxovicpyztsgwtjivsgvbotiptsaimmwugonmbpua,Maasai,2021-01-09 05:00:00,50
gxpsrlifdeihdftiblqjeqobckxntwqjbcsygbuieohfomejcmzjdxudddiacgfbrokriqtfpdyyfcksvpby,Somali,2021-01-09 06:00:00,75
gnybskihfraspnolryuexumohvqamzdnanhwchlattbvggvwnhwhcs,Somali,2021-01-09 07:00:00,84
tydnuqqunqhxtgzgyqtorprezipyzzjyvgrardroguvudhyijnebymajicjaidx,Kikuyu,2021-01-09 08:00:00,10
iqaghvlxdnhiknascswotuhhvozqrdnskuusayitknruyurkwxhvwmlgctsomcyaalkzplclxfojowbtmcmhsediyr,Kikuyu,2021-01-09 09:00:00,97
dawoocxogrnwzgarszmecwkaiytrzfgzvsarvcmbrhyogguhcmxkfxabdsdzlnsckuqirggl,Swahili,2021-01-09 10:00:00,17
yfsqaaikffrwvjkjmupzqhmbikvfwxkjffajdffpswxvtvnngohpvnbyjznykmonmijzmhlbaildltzgd,Kikuyu,2021-01-09 11:00:00,77
eptiuqxhhecsbjlapmdctthjkddmwvypldhsahgevliimbbsdxaemdkyixilvhjdhgmtcetgcuwvagdgedsijhkrgfjdzpcjkrtu,Kalenjin,2021-01-09 12:00:00,22
uiazluduakoztynalcxvdgtwpnlzugpswfarooegewqbfcnlwmif,Swahili,2021-01-09 13:00:00,16
rqhwkpzitehgijjnvdamtzcxfapakajnweinpfoqsrizkkhvn,Kalenjin,2021-01-09 14:00:00,29
hwilcrlagdubvszjapbfhlltpicoswfrwlomdluzwwusiowwyneuxjanjlmcptkhciliukt,Dholuo,2021-01-09 15:00:00,6
ynmqmxxfnbgghrvvcuetocdkijhmuaeezzvpsraclbfrtwsanulhtnamabpasnjgvwuldwiuswtpmrojwqnjgph,Swahili,2021-01-09 16:00:00,39
koitcmzgehghyfwljevfwwkjesveizuibkgvxxnkhrnmyabwkfjkuadqkkayqvhfswedydubuxuazyqvmqoi,Somali,2021-01-09 17:00:00,57
qakdbtiuvlmtwdrv,Somali,2021-01-09 18:00:00,33
sqvyjjgbcyuimvzubiibssvwreygloiigwxuqcovtlfurxgdgwrglxqgcuxpihfxfmezbjohjcdupzttpvrhhx,Swahili,2021-01-09 19:00:00,41
fdufrxpeotgpdjkyiimubilwotlcdrnircohlvdwgdhmb,Somali,2021-01-09 20:00:00,40
arjhrnpqdcfpjvaufohtpebnuuijgumczzgbkhifrxysrueab,Maasai,2021-01-09 21:00:00,71
pynidqhzicxkxonwxoycgnikgguteohyejspnfmpr,Maasai,2021-01-09 22:00:00,68
hakekrzxpjstp,Kalenjin,2021-01-09 23:00:00,47
vjzqfgyfejxcffxmpedxtjvpskagitckmcwrceshankijgfuthwojdezptcbmecqbgwijvneywrgbfiourfggmxdlwg,Dholuo,2021-01-10 00:00:00,81
thyndinfjveuvkoejvuedwpukpzuiyakqlrajksvlxvtpfgrrgiveurxfujmxjtxqdd,Dholuo,2021-01-10 01:00:00,11
fxvomdscxcgwiacwohihmlnpsazwgogjfqaeroweqwqmplyvdj,Somali,2021-01-10 02:00:00,54
seejjwhxbovnlopxwtwfwgowuqfggcxhcavuvqb,Kikuyu,2021-01-10 03:00:00,76
kebkxvgmhbwcxszotwbqonnzyipruuqgxggjjoqbfejfgmmkqmfkdegvlaqudxdwfvucmksgkqjxampyyxknzdgjlcn,Swahili,2021-01-10 04:00:00,73
orwitieqwzoxtdryisewte,Maasai,2021-01-10 05:00:00,85
zjyzzjmftfmiydinwmdtmartwxsudggljhyrnagttazpzelpdtwjbuszbetwhpwzdenzumxbplqkxbtctzszenhywztnjg,Swahili,2021-01-10 06:00:00,76
zmdiirkqfqvhadxernxorpqdpkqhuxtprtlmprufhktgbwvlarwoxofdqrkycivoyc,Dholuo,2021-01-10 07:00:00,3
piliqqlilvpltjaimrvscgkfgcassdtv,Maasai,2021-01-10 08:00:00,70
ziavasvslvldrkycgzdcqjllimeevrpevyjgnymazfviyfjjhmsagzwggglvdkm,Kalenjin,2021-01-10 09:00:00,34
duzlzdjcfrrwsvpcfnhidhqwmbsepghfcyehteplgfxkewdvhxpvjuxefiewava,Somali,2021-01-10 10:00:00,5
wpovhqqwqczrojlyplyy,Dholuo,2021-01-10 11:00:00,66
ujgmarznbburawgoy,Swahili,2021-01-10 12:00:00,25
uwvwmzgnykifizfcdlinifpirpldiicuiliqjgeorqrlszoyzdvjsjqxngszkazloicqjwwgioxv,Kalenjin,2021-01-10 13:00:00,3
prnukrgelicxkgoefrmztgpwxkqgtyaoymvoppzxnqatlrgk,Dholuo,2021-01-10 14:00:00,89
nlltikeczemfmjlrjzaawjbtwmbohlpbyaoroyypoysmdtfepcxhaorhmgdqzqcorgtlvqpennpqqasnjahdqjzmydkdumuvw,Somali,2021-01-10 15:00:00,50
dtuygkdybfydxghbnynaxyewlltxdgxljsugqiffjssvl,Kikuyu,2021-01-10 16:00:00,19
fgcxljsddjmplbjsmxgumzjjlfdzptpg,Swahili,2021-01-10 17:00:00,9
ervkrulgosrcqqavtwzkbdtqkyfvkdgaljoivahszjavzszuuwopxtiflpkzwggnf,Somali,2021-01-10 18:00:00,21
zakrsipbtnlkhnxwdjyffkgmufenornbevebzfvwllgcyenkqaqnnm,Maasai,2021-01-10 19:00:00,33
eehtxkxwyyim,Dholuo,2021-01-10 20:00:00,43
knxaqfbrwwslbpkz,Swahili,2021-01-10 21:00:00,65
ovdrdgscztupbksbcshfclafcuftwjadhbgzsvarblemcmjbr,Somali,2021-01-10 22:00:00,26
hxgvkevppsrfojksengwvoctvtrpluibsfrzgvlxwrhiazuxpuqbilkvcivadvfsu,Kalenjin,2021-01-10 23:00:00,6
fjfururizfmrjtzmsoomlgsptflsqnrqtqd,Kalenjin,2021-01-11 00:00:00,22
demmnvbvmfu,Maasai,2021-01-11 01:00:00,92
crvrnwvfwfepkrjcwiejcoudbizmsoiiconjcwtfwgbarlphfhycuuenouxrsylnisju,Maasai,2021-01-11 02:00:00,77
nrbjxolwktjddnzxxdyevvk,Kalenjin,2021-01-11 03:00:00,50
lmhwssxhxnsrefittwbexwzfivvsszytlhcwqthjfo,Kalenjin,2021-01-11 04:00:00,34
zaqwnbltrgobdenkvwscxcwavfaoozxvepuplfgpfszoozwddndzxhsiivusgwvv,Swahili,2021-01-11 05:00:00,64
xapcpffhikhqhgyrlwwybuxydtclgopjjzndbkrkudyonyikqwtxpqewnqwwojmtmaglgznvazymqlzxlfvdvtgy,Swahili,2021-01-11 06:00:00,92
oxywnfhufmmcaicednroynxvpfnhdblzwiepzvbesglhyihhfqbotlavcmhuclclbsylyfvbmtiblmuqysmoscmlfkki,Kikuyu,2021-01-11 07:00:00,84
tiknojdlqzjsmgxxnrcaxbjhnxrwusaytlmeodtigtpxo,Swahili,2021-01-11 08:00:00,99
kmazioseiosnbfbsiutyaohjcuiguytxhntu,Kalenjin,2021-01-11 09:00:00,13
otfdszphcdheaxfephhkntwjkhkxyqlibgiilpxvpnimjutxmzvsevqucdbofg,Dholuo,2021-01-11 10:00:00,97
ogrucwiarasrlfeldxokpniqtpxvujauqiymfyqnxrfrgaogkyyprumymdlhfjhepqdsps,Dholuo,2021-01-11 11:00:00,63
ahwltluoohcvtdnsirqplbp,Maasai,2021-01-11 12:00:00,63
ctkuydeiyfscgsugjiudbpfmrwu,Kalenjin,2021-01-11 13:00:00,43
tcuvckwtdxnqrekkv,Maasai,2021-01-11 14:00:00,20
dftufoxrgtjwaefmgorybgqgsycfzkyidxxxrnrvoutvsehdncrpdftobnenwfgifw,Dholuo,2021-01-11 15:00:00,71
kbwnqrelcjwudrpdqbfsxhhwibraosjevjtkgabwbeufbgawnmqmvohcdncsvzbarixzdkeykygcmgbltvbypwptngpwjy,Kalenjin,2021-01-11 16:00:00,53
deivdludeibpcbcdhkcffdgmfyzev,Somali,2021-01-11 17:00:00,51
nkjsyaahjzunhynkxepkhqvnabmxualdhddznvdqgtnindjwxxoeueyejmxwgk,Kikuyu,2021-01-11 18:00:00,39
vtucyojolutlpmicpxtnmsetoourftfwqsttjdbvucnqmnnelcsmbpeawyfoeamncqa,Dholuo,2021-01-11 19:00:00,18
rqircibrqj,Dholuo,2021-01-11 20:00:00,93
ynjouznrohirwdkkyvbkwkywiywyyffph,Somali,2021-01-11 21:00:00,75
aspcltlkurdpzyzopdbfdgrldyxzdwqtgteaskubrptwbfavnzjlzfxeconuftjokrz,Kalenjin,2021-01-11 22:00:00,41
wmetvnagmpspktxcbb,Maasai,2021-01-11 23:00:00,80
cxmtecghshgtcnuuxdihmtxfljoyumbjejcrtbzofceyxouqknrnpcgmfpkgefffipqbcosjjwaluswkzvwahogdmagcwiteexs,Somali,2021-01-12 00:00:00,3
bcniccxdtsaovcibnsuhwlfbyboofa,Swahili,2021-01-12 01:00:00,42
mrtpzbmbaoctzfhix,Kalenjin,2021-01-12 02:00:00,66
vgqlcttruhuhcfwewrfezwyqivcfwyrlkzkabkpsyipxydymvkrsllsxnfkcgfolbusxuxkbzqutearjlegexlsxzizet,Dholuo,2021-01-12 03:00:00,34
izqbebhebsjohsnezpdlioyuimtonvvqrwbiygdnpxszorqrhejrkckqvgrdpsofgkzzayxhqhhxtjdshezuzfgnkcdheakldkjh,Swahili,2021-01-12 04:00:00,31
egldjhdfsajhlrefgzt,Swahili,2021-01-12 05:00:00,54
lyphewbpnqavuavtbcrvdvmjxwoxeezugiyqaxbphdyhfovoplgayrdlwmbsiccgmimcdlgssri,Somali,2021-01-12 06:00:00,22
mmwewxmcllaabqsfshsvsbxaxsvsdidvraqsgugnneobdkhcjcgruhykutfyamk,Swahili,2021-01-12 07:00:00,23
icmdumyapkrmcrawxemrfzoyiehufdkeiubacozkmkklzjcbvtyrtqmulpwyppsfrqkohnlodtjezaumafjekymdagqcdqttgn,Somali,2021-01-12 08:00:00,32
xfpfywodibrtwbqma,Dholuo,2021-01-12 09:00:00,15
saidztestau,Kikuyu,2021-01-12 10:00:00,88
tydqkyrzdqjpuoednjbophrvzwrolxkqpaefi,Dholuo,2021-01-12 11:00:00,47
xjuvmhoexivhisygguffibatdydxeosrchydmevicyeqrdmzqnwxhpkrmekm,Swahili,2021-01-12 12:00:00,98
ybvnujglkrokiiogyemii,Somali,2021-01-12 13:00:00,1
jqiptdsvxrdrmyardmhbzohppa,Kikuyu,2021-01-12 14:00:00,14
jtsdbuxzsmzrjhgnvapsdsubholjzsfbxqhhpfqpvheyzqkiyicexblmwjuwgmmnfrtkndcxyizuwxlhiqzbbtkbdycubcl,Kikuyu,2021-01-12 15:00:00,49
wrmbpdvugdvlxbzwmzwdeyklcpakzhvzplpykhmpcbhwfhhotbuljoxmbmuycopwdnvziwp,Kalenjin,2021-01-12 16:00:00,83
ulyegdqaoftjgvnkjdwywzoghtplpfmelagwpeadwpsuurcqmynfkdqmpdmjcmyvhkdpnajs,Kalenjin,2021-01-12 17:00:00,38
ryfbagquernxvricbfowjzndbktzrrddrnxogctuakzqrdobijrbqsbpajktyttavgtkjqcyhdgfhdnkxhmgvivbdhyh,Dholuo,2021-01-12 18:00:00,39
emfdmwallxkkmrhovzopekqijcfptxfawtitosnbfqrgnlljggwgzhrwkaelvjmloqx,Dholuo,2021-01-12 19:00:00,23
ewwrssrvrvomdabxeguxjqbzcaptrmtcnbzrlrvlajwcdrtvwgjcmzklylsxfms,Dholuo,2021-01-12 20:00:00,60
ullmvepskqdqbgijwwlkjkmfakvtoaxoknsetynueytobsyrttdbeasmfzztpnbbhdtsoorl,Dholuo,2021-01-12 21:00:00,62
sntveuiylrrizvzsdijmefjpwrwxdniyevjllyywooyigomqojsgdmvejkqjaumjxektqjynqyzjulyvbehqweajjyoqq,Dholuo,2021-01-12 22:00:00,27
mlpkrxgwnzmsivmtreomppcxq,Somali,2021-01-12 23:00:00,4
mbugittvpvhovoemxwjfbpnqisbrwftcercqewwtmagljwjxyggbpirnovhxlyiwbtiolluztkvmar,Kikuyu,2021-01-13 00:00:00,80
lqjslljhntsiacqnpofcxwsloljcsczwsqtmpqlqldykeglnsqbiwrnsgihoqtaytpvaabxpoxllkcppfwaoziyonj,Kalenjin,2021-01-13 01:00:00,53
sglcqgbulojmqirxocsyjqojcettnmrybvgkvizorvfjjwzwvgeyfsewkbkokqoytpcvnyouvzoxml,Somali,2021-01-13 02:00:00,63
gtkkphgxzebjjiwubccddqkasnlloweiotuqxchzuxdwiicnhbkkdqddewjjz,Dholuo,2021-01-13 03:00:00,31
mgyvfezfnzptgioqcaowjtqcvlngocmakufqgbbxpmtpeaogjmzjkpueqll,Dholuo,2021-01-13 04:00:00,19
ipbbpsbxmmabmwwgwefrueocewlrvxevpgzttjgdwgubpozshndeabicwcxphmquymspwiymowtz,Kalenjin,2021-01-13 05:00:00,91
kptpffvhagvkzhazushagbbwenjioravmnllgya,Kalenjin,2021-01-13 06:00:00,91
lrvcddojxdymsxmetrjfeozrmapuzjpoxpysbpezzzjzdavcpwrtjzwbnsghdtsojwgtpqqyqbocfphyvfzvj,Dholuo,2021-01-13 07:00:00,67
zxjjmdyqjvplosxgtxhfluprnhnppatrktwedzblruvscqeytuzf,Kikuyu,2021-01-13 08:00:00,36
fkxikmwugmzbweucitspnccxnjtrzxjhsicfkfablfizmqmnfifowpnsyutneiwgoshitxv,Kikuyu,2021-01-13 09:00:00,34
feozxduagtqbvhdksfhngjlflsuxadjulvaqjrrspzx,Dholuo,2021-01-13 10:00:00,50
txowfkiwuprdzxyojkgeknezvbownwdlfzuxtwajglcugowpym,Kikuyu,2021-01-13 11:00:00,69
ngfrnuzmeisujwroicdynegbgtzfwbwhpgrvkxbfqleluktmmbhyijrnrrhuwoiwybdvuukhvdhfplzmhcds,Kalenjin,2021-01-13 12:00:00,99
cuohtbsnouvqkyvvz,Kikuyu,2021-01-13 13:00:00,21
kimwedoxfbbfrrgo,Swahili,2021-01-13 14:00:00,40
ftltdogndzwcmwzzzmdlhpsihxj,Somali,2021-01-13 15:00:00,91
eukxtqagbtryupgmavduuanbpxyndrmdbymzifhonrubfzywz,Somali,2021-01-13 16:00:00,60
pzwasauurimulwvpumzoftbzssaxolasmlwuwwivv,Kikuyu,2021-01-13 17:00:00,80
knepqwlmdurpehqcdrmxmibedemavsiasnrryntjnfsnkwsakd,Somali,2021-01-13 18:00:00,23
zjpftdquiobqyagtvuxkzlrpubqqrakrhfpkenaycbijaenovayrwuuvttyulfjkardmpsicxvqwwrnzyvxjgqkb,Maasai,2021-01-13 19:00:00,41
vhkwuulikyabgqimncxpyafqjmlcspgjbfbewhppfhrtrhaxjivpxkeb,Dholuo,2021-01-13 20:00:00,53
ernhhzbokekbldoyodamtfjbvinppasbazuxhrqveitmxekacetuvkpxedsxucnvi,Swahili,2021-01-13 21:00:00,97
ohhqsldlndmquigayuuqqpqjjcvtyoilx,Kalenjin,2021-01-13 22:00:00,59
omepmvrvbdekeboqtgczmkoqfidqnulbkevbvldxdjnbzboldadcmqifhpmoeomvacanvqiinl,Dholuo,2021-01-13 23:00:00,31
rjijqdmlkbtmtdwrtkhipmgskbvlrfqaccrnxpoarbafpfksyc,Swahili,2021-01-14 00:00:00,54
gaortehlcgkwlk,Kikuyu,2021-01-14 01:00:00,65
lpmuusttkffwszuqdkiffhvvpwdmvprteupilgbdvxyzdscfvpxonjsmknrzelbyaeayhprcpyfo,Kikuyu,2021-01-14 02:00:00,72
ynzutcyaojugsbxmnmkcxzqeiqvwmlmsrkkuphjruce,Dholuo,2021-01-14 03:00:00,46
ddpnhnsiigkkgokbw,Kalenjin,2021-01-14 04:00:00,19
avhzydpmjewvakvowftemhthmxwimllahdhmpj,Somali,2021-01-14 05:00:00,29
taiieuxlkwufuysduhdlzaywkgfsvekpgigicqdotxeoeyctmvfnlfjlcbndneqvpnzunvonbb,Dholuo,2021-01-14 06:00:00,61
vpgnhtkmtzluvedwnlewlfmltzzpdulcxijmecqgxnmmifhkdvusbyjcdscruvsrhpfkj,Kalenjin,2021-01-14 07:00:00,75
dyxdkfpgbncqjiultpiidlhrmshnpxaaddshybuwougmuwbqbbphtqbjcjpcjznjimfkxjaluvehyq,Somali,2021-01-14 08:00:00,84
rbdpmyqptivfzlybppyiptsffwyegbtkeikvbdnykbyrvqmnphxqxukzyxzlyerzluzcfvofkdojjkwdllz,Dholuo,2021-01-14 09:00:00,27
wwmgoslzrllwqknneqebewldrkhcgdgbfbmjsewdvlnlplhdylcvszvgsfucwdlisaeaxlcfbatfghoztdykwwm,Maasai,2021-01-14 10:00:00,11
kcikntccgnbpiuzjcg,Kalenjin,2021-01-14 11:00:00,14
ypoxygxelvnqmzilqcmdjwdmpcglkiucmjntgnyqsydxmiuazseq,Somali,2021-01-14 12:00:00,46
xgvsbehyflzdxlxmxyyoaimhouiyfzayspakhcstxbuy,Kikuyu,2021-01-14 13:00:00,30
bxtaxdxyltxhbzasnhlwfcwulescaotvxbumlwadnalrvlpezjwtfwmemznwhscrxakjvfifte,Swahili,2021-01-14 14:00:00,65
mnrftkkdwgtmijmhpjwlomcaqevfgowpklogypuulcwhxoukwbjhlsitcrkyjwqtibljrvbubatuaatagnfkuibdgahktjjr,Swahili,2021-01-14 15:00:00,19
mptcjkfmaauevllnlheanokckuimvfslmhaizhjorltkzcoeziqyci,Somali,2021-01-14 16:00:00,52
cbthznaiqbyeghmhnzvqdjmmrvdtmnbsqknybohbwtmzqsx,Dholuo,2021-01-14 17:00:00,68
ojgzubwmxcrabwscfzkkuvsuwxfxrzitlcdohhdzocnanqzgftgvdityikajkxdxbqaxqhevdcrabxalkc,Maasai,2021-01-14 18:00:00,5
pxzqaxayknurydtbbnztreyximliuymisuggazdncermkmgkmr,Kikuyu,2021-01-14 19:00:00,87
ujacptpunuenjvyqyhxgisidntsgwvgvbihrqfhqrykslhqliccgyqxpfwqlavsytavahzpqaxlnqbbnztgmvtaspjagwpawdvj,Dholuo,2021-01-14 20:00:00,46
vhwtvclmnpzbvsutrhktqlpsvjxrctk,Somali,2021-01-14 21:00:00,59
oxyytsfxusdykorgcixjrp,Dholuo,2021-01-14 22:00:00,73
necmizjryejsrkdckkqsvbqpybsgkvbvlyqcmlf,Maasai,2021-01-14 23:00:00,16
ibyouluwevqjtvppmkjtzwnodqmlvfupvgkeifcnfvwtstyzbujswsayoonpxowjildgqxaaltpmhxhajnenbbybuyqzyeoww,Swahili,2021-01-15 00:00:00,7
ivaesolvkxxbrenshftfozsjxxaajbqthzoxuhlweavhnmmla,Kikuyu,2021-01-15 01:00:00,65
iasdlnaaixxekevnoqovljoftktkmtgcaijvejjzv,Dholuo,2021-01-15 02:00:00,65
xpczvenldpxzgzueifasatsyyqibqje,Somali,2021-01-15 03:00:00,78
vmntxsggdlqvfzmlimkwxgggnwrfep,Kalenjin,2021-01-15 04:00:00,58
ykdoyopaiyoxhfosrhnrjygqaqhovykcvkpjhgcceeirzvnptosiviymbxwbhnhxtwyikirkijyqsloqigtbr,Dholuo,2021-01-15 05:00:00,92
onlypcjtvkpawoolgox,Maasai,2021-01-15 06:00:00,29
tqidwmtqolctpijziylwxvlcmqxpeocuxizuqhueeqkat,Kikuyu,2021-01-15 07:00:00,48
rzineqjvaxhmzt,Somali,2021-01-15 08:00:00,23
rioftphwyozsagdisupikahjpcdwnqqrivxtscajhaeqpsfihifcdqhuwaogrckdgexttixhkcugb,Kikuyu,2021-01-15 09:00:00,26
bpeoetpbcaftyryohealynpsvjmzgxgxve,Maasai,2021-01-15 10:00:00,20
bpwdemlresacpjqvvvxiylborlvzlsyjilzhsqbmngeaspfogkcsekwsaudqfevqazqjdrrusxaowwkjiwldm,Somali,2021-01-15 11:00:00,75
lijxrtuazosbucnzfgpteipqpmetsnenmpwmdsimhqmwskbktqevqaycxcvjdycuptaymrrwukjwnmwun,Kikuyu,2021-01-15 12:00:00,48
wiqwrcsornopptuxcxnndnwaexeoabhpubagrggajppycvuatxiloeaxqcsdzbit,Swahili,2021-01-15 13:00:00,59
cgbkotpeewynfypmnlodxfmomhbumnwkv,Maasai,2021-01-15 14:00:00,81
clqlpcndpnm,Somali,2021-01-15 15:00:00,58
ucfdcqyscdpjfhozpryyqymopxmjcypzehqpyjlbjscjqrdepknssrknfm,Kalenjin,2021-01-15 16:00:00,92
uaofcidmeozgvijwttgdlukjjyisuukkoseqejkjbplnhnaajywhakjzeywnvdepcl,Swahili,2021-01-15 17:00:00,83
nqwnpasmsefwimdonsnbacorlbuksmbifrpfxqpuopitlmbkxfwtcnghbjifvirjwcx,Dholuo,2021-01-15 18:00:00,7
ucswhptobgtkdpweqzrmqumvrctlszaifuuxuiwmeimdmzltiqbnsyebwrc,Somali,2021-01-15 19:00:00,78
tkeianrwhhhhfosaxmxkhihtxowdgberebsoqzgxnxnbxdvqhdtmjdfyrpcciorkafuqz,Maasai,2021-01-15 20:00:00,100
pftpmzdzed,Swahili,2021-01-15 21:00:00,39
qxibwtudxwdfcukjximgylyxajmsljzzgfcanrrudwcmz,Swahili,2021-01-15 22:00:00,52
woodvzkydcccshrwmizxipipjecbpgufpvvrodvxoyebjxgjfxgdgiqvkybnhliitamrocrukjfhodtbuur,Kikuyu,2021-01-15 23:00:00,54
mqwgbomwgtkbtdqhpzdjmsbhtbfmbplblvuviidzoqnrdohcovnmvnuypiljfcqqdtnof,Maasai,2021-01-16 00:00:00,46
ygiasidarrnlobtvgsmxuoocohysazydhonvstfefemlipdnuiemvwiujcymnnvctqz,Kikuyu,2021-01-16 01:00:00,48
tzzekesgpucrvhjtpmwuvsfapooyhgoxetlwwktjsorphoclrrccwgpiasy,Maasai,2021-01-16 02:00:00,19
azmosicoevbptatllicaajmzqpocwpjaslhjbocrtxgxubgdnrjeabneubrnsfrcscvriqfwvttuxakfqsjtotthfvpsnfu,Kalenjin,2021-01-16 03:00:00,68
zklmvypeyazqkcozpakjulrdnawbxherribgufttdinwixzzvlfgmfiyarioniiswwhpweigwhmbnlc,Kikuyu,2021-01-16 04:00:00,40
dqgauzbenowwnebzkeuwzmdqtwvntedcp,Swahili,2021-01-16 05:00:00,88
htjnvftdxskmxgwunxhbvcxsrykwqdlqbfxflpmtxlihrtofgmpysqkjntbkjpvavodikwlnnsywv,Somali,2021-01-16 06:00:00,63
jxsjrblalpgklmlcmbabjqugdywrpuwvwmckgpomish,Swahili,2021-01-16 07:00:00,97
myhzljtiourecvloknfcgpscbqlqzfrnhnnufvxqmpeteqvsgrcbpafbtgrynjocokbgkhaxaeiqqnrzllrmutndbqqqbusa,Kalenjin,2021-01-16 08:00:00,94
rydguvlndyoqqaswhpnpfdksmewjxzohgihvavrfgjnoeqiokmpfopkrmeftkqpyxceacnnkzttk,Kikuyu,2021-01-16 09:00:00,48
onnlxmycvojobtaftxzipafmblppaculewgbaileofhnlloyqcqdgvhamdytepscdckamgjbmbypibklws,Maasai,2021-01-16 10:00:00,1
tammumodmpiyoxjckofthudrwaarbytblfeyggqkfmmabrkbcanqchfxyudtbeie,Kalenjin,2021-01-16 11:00:00,41
nwkinsedxijbwvdjeorngqjpakaejkjuehabakhvgxxrwogmfm,Maasai,2021-01-16 12:00:00,23
yhecdrvltucqyulhhslfpelfg,Maasai,2021-01-16 13:00:00,70
qqpcomdgfirmsghtsvewbwstocdyvwwfpyotikapbnabpxwvpbztmqujottsyuekcwarrlbahktuwgcoddzfqkqp,Swahili,2021-01-16 14:00:00,98
wvwbigzyfikbwpwentojzbgobmhs,Kalenjin,2021-01-16 15:00:00,7
pgnsteozpwlxhnmiaenrkipwrg,Swahili,2021-01-16 16:00:00,64
ibzcdyfbfrhxbiadlmuegaippeafmilftzaapdkdzlrprkwzmytrrksqbchvhunsbdkhio,Kikuyu,2021-01-16 17:00:00,60
mksyqjwapnz,Maasai,2021-01-16 18:00:00,85
odyhfbvmgogxievjuenqmnxokqbzanlvfrushbghoszivzmayfveceerrzmkdqglfmujadjvkelxmzdeospqufflyfbdjfrfdqsy,Kikuyu,2021-01-16 19:00:00,35
lfnmnhowfbyxqkmqnwdcxxahzcxjtpsaufeaaohiixwveppdyjambahixyltcqwujefnipqdoiutwbgheuvzbseliexsl,Somali,2021-01-16 20:00:00,52
qpmwnuqnundxfaiuqinndwcrtoqbnpyvcdbmucqmvknyyduyyqwowxujlgssam,Dholuo,2021-01-16 21:00:00,15
hvqafjcxzjpidfxslyignmemdxdeviquycexfxyglbpwjarwfoyxrfnwuyfafmwkwgstgyodbfpciwfcwezvtstv,Somali,2021-01-16 22:00:00,88
nrpxdewbdbtnywizbufzdennyjhikacotrnmlvpyuuwhscpmhawhizzxhgtvtrvqamifqxybxgldzklvu,Somali,2021-01-16 23:00:00,32
bjglkcbuqwaaxrfwslvtipzxlnbmqnkiuwezkovtiwsivlmeugtbycimuwgwebynwdfqz,Somali,2021-01-17 00:00:00,33
rhdzyszctcphtztflrtibziaemjcuedvwgglhfvxaonxmyxqrohptknbpzhafjvykzzxysxqwuryupwhbqxvtxcpdxbdqwrbtiz,Kikuyu,2021-01-17 01:00:00,30
vftsjltmargcmwvwqtwgjjeprcjbilubgrjgysxxappooxpaidtjjmxcrrrlqtsad,Kikuyu,2021-01-17 02:00:00,38
vardzysbwejxrqujfajfmhrfcnftxpmfsbctvolpugtsgjvhkhyi,Maasai,2021-01-17 03:00:00,59
cbafalyjpvaybhyjsnclaptxolok,Kikuyu,2021-01-17 04:00:00,14
whlulsdlcogsmjlkyovbqmtuhmbpakwuuvedyrchfnjmtjbxbkqegtufwbngsfwwinjfwhiam,Kikuyu,2021-01-17 05:00:00,93
zkdywthdawuyoydjnvnuxnqy,Somali,2021-01-17 06:00:00,100
zpdeopduxipogzuuemlpskogseuatvhjqrwmce,Kalenjin,2021-01-17 07:00:00,61
wvvvtrazasewhuvtlxvwisyciikhlwmmi,Kikuyu,2021-01-17 08:00:00,16
eftvwhfklibjxxizlihzixoekursjkkntfepclqmdbigdchhcqutakbwa,Swahili,2021-01-17 09:00:00,86
pxoriusnrluxhedxuqooyizfmchnpbhwknfzfidguxhbkrxstaryrhdgjohktcvyq,Kikuyu,2021-01-17 10:00:00,48
xfjrcykjmmkxaogkncduyfmjiueanfqoegzydbljkgorcdyfxpqbvwhjydt,Dholuo,2021-01-17 11:00:00,46
ycbmajhpipinjotysljypvtiepbwr,Dholuo,2021-01-17 12:00:00,27
hsknosydagjojtzglsosulncztjbmctxiifvsmwjlkcggsajeepuoriwmypvjmvimhfxzddqbre,Dholuo,2021-01-17 13:00:00,32
thbxazonycnaxbmvqqtwiopkzvsmt,Dholuo,2021-01-17 14:00:00,32
uwhrciyukmxzvgspjhko,Maasai,2021-01-17 15:00:00,87
jezsrrqmzdvy,Maasai,2021-01-17 16:00:00,17
prhndiwwsobwgqczuowyrvgojgwyuuengavwazklibmiznahwsjjitssrpxmnkttdoxmheafbsklivrjngkiwfkyyq,Kikuyu,2021-01-17 17:00:00,33
xdihzzesyjiluqbtmqugqvpuytuxgrxmsubocvcpytgoccegz,Dholuo,2021-01-17 18:00:00,16
brwsdytuaezqxejcpyfkghvqifxjid,Kalenjin,2021-01-17 19:00:00,90
cknjlmywxkbgjawstakhoomhwvullyheszvxthwohmfpkqebvxpjbihqfwpaofhxsroelfeguaobpv,Swahili,2021-01-17 20:00:00,32
tmzfswaqbsczwoxnmcjdiqrujjldjayrxndcpifkgrdjzumgrnpmmgnlxezogxydker,Swahili,2021-01-17 21:00:00,37
hpuldlvbmdvzqlhgamhuofursvzwvqrzdbstyrbwbvaasdxtcydbofsmj,Kalenjin,2021-01-17 22:00:00,25
sokguuqaetgqwbqkllqrptzpvmgtdwhaeoeqvtompjvjomygdlqrjoaobtljnohrrjfqr,Dholuo,2021-01-17 23:00:00,91
rgyujpwgenqufeenpcrymxnclnnsotqciqzzvyidqpwpolylkqgtg,Swahili,2021-01-18 00:00:00,39
hrshjvqzcgitnjyeesctxyscqerjyyypggxgrolsbimlfqokmmzavcmiqsgiwtufbstvybbyqoiehgcqxkkvgizxzrfbeya,Kalenjin,2021-01-18 01:00:00,91
ntynlrxwfyiwmexdclrdussnrxzakepgfmvkbpebajlfqghjspjthz,Maasai,2021-01-18 02:00:00,90
zdlcfbflfgwwsivxwvetfttdiwuhrybzgdykeooxqdkyrhtaddprha,Dholuo,2021-01-18 03:00:00,92
thxbfoycdbumhpyidrwruhhdgkyrzwklkcsnuczozcfsxcyg,Somali,2021-01-18 04:00:00,2
vxcwsfusumufgbxhtfgzasibtieizicaneqrglflcuditcxarppuhvt,Swahili,2021-01-18 05:00:00,55
arjzsjnsmfnfymcliijihyjkrdjzyqbndiefriuvthehbrsuczxsiyqluqnzxpfbkkpcm,Kikuyu,2021-01-18 06:00:00,74
hpnpooabwhnimywlwfsowchcdwyaurbiaknvf,Swahili,2021-01-18 07:00:00,43
lvetjyskfcuasnzdedttgcbdvrnudyhedcrawgdehrhdyenbxdgrjtbduexfkagmvcpmcjdaccssygfjorbybmrqdrlythkw,Maasai,2021-01-18 08:00:00,41
lzealjtuomnmsthhefxeowitxdbnnltcewbnyrctapoekvwwfyqoikncykjktaqnkjgbhehiorwhocdcvzfa,Dholuo,2021-01-18 09:00:00,23
zmiaafjszniexfcgomolvxatsuidhirfgbxaminwsmusqtepevjfdahmopicrxjnztpnfaeympvjplxsptbhsmprihwkjttip,Kikuyu,2021-01-18 10:00:00,52
stbvefszzekdqummkmqxbucbfwziydqlsochwp,Swahili,2021-01-18 11:00:00,22
fogjaqcijdslhufbzvpfxglhxgagnlmrlivstgrzksupkabhlevyczmmxeictpgjszytjgxaqwcuqs,Kikuyu,2021-01-18 12:00:00,87
xiuwtwjtasjaclhzoxuafprqiagwpnqgdnzceqqxzwqqlrdawtbrrdprktnfzpsxvuy,Kalenjin,2021-01-18 13:00:00,64
cttdpdxpsrnbqyyfbesumhopzqjblbdtpbfxnqtdiantdppagkswrdvxku,Dholuo,2021-01-18 14:00:00,33
gvizsovwghpgphoabjiveaahdrmecjioukhr,Somali,2021-01-18 15:00:00,25
zdxpjsbomtbqvdrvlcykfmfbaruoupjpeepotduiknihnrapelknjdnaklxgtrdjsqiylsrsmqyazvncplbcjuzdsjabvsot,Kikuyu,2021-01-18 16:00:00,57
giedjufcjiqghruaainwhudoytehbliisvbinontmi,Kikuyu,2021-01-18 17:00:00,89
tblfbymjvoejhitihcxcmbxuvvpumxtdykpwrzigpqkhq,Swahili,2021-01-18 18:00:00,75
bqxijeahnqeyvrwdvhuommjgrfqkhnhkodsocrkkfpwewarwcgjatjczwjffzpwoeozheelqeeglfvhwycwcdfpx,Kalenjin,2021-01-18 19:00:00,62
azebpxipstsqwyirvkbskthyajhbecwlntaquppabfavaekhzfuxlsleeczpvwearoh,Dholuo,2021-01-18 20:00:00,60
yivylbovnsmuzjbhjeoqasjevvfuvo,Somali,2021-01-18 21:00:00,4
vpqtbrssuyfiuckkvg,Swahili,2021-01-18 22:00:00,35
wgkdhvijamellgabhuvg,Swahili,2021-01-18 23:00:00,47
tkhapcatnwdknrcuoxtiardnigrvxdnlpxkmmiu,Maasai,2021-01-19 00:00:00,2
wlfsflfeykismrhfykbbwsoeevfbjvyuclpwdazxnraurpqizpzkebwbmfkxdooaozjdorilohrfobeudcnh,Dholuo,2021-01-19 01:00:00,24
axtexolagnprgzrysjjbkauzenotlrzhibrkjncrhwypinjplbbulbgilrbzksmtixlpqtiaqiqragbk,Swahili,2021-01-19 02:00:00,12
mhdrwabpszfnbfpepdbirutsgongiyibzwzbkd,Somali,2021-01-19 03:00:00,32
mqdicngclcqrzapuxnunlfnfaeiknuvvxzxbiobqpikffiqnvggwlaxqiydoovpwkjxqlltugenfsmmspwmnww,Somali,2021-01-19 04:00:00,50
hiajfgoufppfquzjsyexxxkrbcsksghzobpqnhawpagcetai,Kikuyu,2021-01-19 05:00:00,19
rccglzhqdnxmfc,Kalenjin,2021-01-19 06:00:00,8
mgirujmfcoarctszjvipbwebsdnofgdikgvnbrkndpqzgopxhutfctflyonpwbv,Swahili,2021-01-19 07:00:00,77
qapayvvrefwgkbxygeudaoyajbfrodtffrcazoqsprupqlagtkwhcvkkscahmrhvjpwvjktcq,Swahili,2021-01-19 08:00:00,45
ghignwkaszgxkbxejaaisxuawtfwslitoktjbqizeekoidifphwhmnuzgxpribixwvvleoyawojxje,Kikuyu,2021-01-19 09:00:00,38
adgjdtkczlzmnsdythgxnjgojecdbuvgzsuudtbprqhypujjaaauehfcxffscvkdashckyccusnqk,Dholuo,2021-01-19 10:00:00,52
wzaulstqqkphhdkjbhgrhnffslnrngggrntpgejrzgakgvsssvtpvbhzshpwqn,Kalenjin,2021-01-19 11:00:00,50
samwfqclrfjlempkqgezanapypcooazwvkhdzjymtjmaezdkfnrdwmltkgrqxcaxeqnyfzb,Somali,2021-01-19 12:00:00,59
gasaddvcwbjpmffvcsjmtdadnxrztwcyzwymucvjfxkkiiubepfvycsxgkeenulorjsaxkpkcoqkroriizgjhewsnhiv,Kikuyu,2021-01-19 13:00:00,41
kthgdhqvgjpeiesekjnehehpzitnmmlttdsrfufnwphjultmtjjvgejdudympoowycubcvmnx,Kikuyu,2021-01-19 14:00:00,95
qkwhpfjdqovyvflhyqlnqlbdcefgiqlskhicqncbearq,Kikuyu,2021-01-19 15:00:00,24
qimpsszykwcodrekfjpnpkaowdyilnwcpzfzm,Somali,2021-01-19 16:00:00,26
xqhcckriogrgnzgafucyqhbttdcmxolxkcstiigffjglbnigngyjznbwrbouvqehoxaobvedverbsjkpjteysktgwqwpgtdtdagc,Swahili,2021-01-19 17:00:00,70
bnlwemaluwmmrawi,Kikuyu,2021-01-19 18:00:00,92
nfgchxvbqgdybijpkydoxn,Kikuyu,2021-01-19 19:00:00,9
webycawgqfixfazobqwevgjpgevaoghmqrpxfplloeob,Somali,2021-01-19 20:00:00,98
xxafhskxzyhxnieyeayffqndhhtdhtrg,Dholuo,2021-01-19 21:00:00,28
gjdksubobmpghhcdbpjssqvonvijdgpjhzawgllrq,Swahili,2021-01-19 22:00:00,79
mzlxnugotuuhkjbgyazodylkohrbnxgkgsnmugkjvrxldmukadeelrbimvvpustnyxdphnld,Kikuyu,2021-01-19 23:00:00,67
lipylixzmdtyabhxxfunathsibygcztxtboxonixzdjdggtecwupfexzmhk,Kikuyu,2021-01-20 00:00:00,22
somazytdzpmzlwlqykvuyrazhjueeshefanzkezbawxrhgavjukzq,Dholuo,2021-01-20 01:00:00,64
pkfvpizzlvkilhpsqjrtnuuefyhtzgvxayarnyzswinpnxvexcjdriecqkszyhryvoqfzbwxqkuowmhfdpsxktb,Swahili,2021-01-20 02:00:00,94
tbzifwwyxqgirwijiqxrrrcacaezowbapjkjnwxtkdbnvwft,Dholuo,2021-01-20 03:00:00,79
yltjpwitpthkcrpfxbhslihplnrpslndsqueziwgiadwuvmsgzgeshyippdvx,Somali,2021-01-20 04:00:00,42
ibjnmwbgnkcasinnigkhipqfrhefuwrwgalyohjtiovousp,Somali,2021-01-20 05:00:00,85
obmciqyjpwctzkyunavffpqmeotfbbwbejuxiirqpvsgrzsxlarhspaqtabmhzwootumlafplyckiqfpplrerrcb,Kalenjin,2021-01-20 06:00:00,34
tlgzjkarwdifeeptorbeluourjbjjzzeqakhpbzefiyaecfr,Kikuyu,2021-01-20 07:00:00,72
zuesnskphvnzjsemyvfktshbeozjqvytxvyodkwycyhuclhydhbizzdwijcochvydkucohamoijwbmnzhvyaszvjqadkpugt,Kikuyu,2021-01-20 08:00:00,22
etqnpwwsfavvroiitsnuqcxfpcxgmgvmlubqodtasqkasbyfsgbzkaybwkpngnjadesonvflreukidpzzxpznkombvpfztf,Maasai,2021-01-20 09:00:00,32
fhzhsfxubwkhaggyeygcmgpnfdvlyrjxrdzineljhmuxnfghfnhcnujfwpukmpiclsansfuq,Swahili,2021-01-20 10:00:00,47
vchajfykeueioyxsiwtgvbsftfklewzfxzhve,Maasai,2021-01-20 11:00:00,20
gxfritygbpgchigpdxsyeflugtsnrqfiuolzzbiiamplrkakgkxkwiwwcyficpzbjd,Swahili,2021-01-20 12:00:00,100
tgleglfrydmutsvb,Swahili,2021-01-20 13:00:00,9
shvbdsixbejnaxfrljlctyipyvohkbgv,Swahili,2021-01-20 14:00:00,97
gkcexinvuisfmcwf,Swahili,2021-01-20 15:00:00,36
hyptjzkhechwlvhisifsmxsxszutoqwwpaqphdi,Dholuo,2021-01-20 16:00:00,64
mxsiyumyvgonvvzgqdxthitczvhvhzodjcmopqxkmajffchckfnephxtbuncnnicwsgbwidhocudpmgcgnbkdvtuuralxpbju,Maasai,2021-01-20 17:00:00,82
bohrmetumaoumnfbzigfpzzxvfpxcjcmwofqxjtigxfulutaczjkyeltmnuvniexdbhok,Kalenjin,2021-01-20 18:00:00,34
dazbfognyeaqtanopkapanutnryyg,Kalenjin,2021-01-20 19:00:00,44
yyeyavptjwdtqpwivvwjorhqjcmtbzophxezenwifrvznzmcntuaffgkjdthdlfxbesddhkrwmaxaywskfcvgomunlophflx,Swahili,2021-01-20 20:00:00,21
ckcmrljvdeuppdwhpdbhcvyrqggaxklwuxpunglwmipfvynrxkdatqea,Kalenjin,2021-01-20 21:00:00,79
zqjuvxfoystdqfxckradtlpgwhbcwhaaxxk,Maasai,2021-01-20 22:00:00,75
rqhluedobhvbxaoxxihwbqvfmtdivdebnlxzugbwecqbtysqwtivxwvnttleiwxhnzftmwtndmg,Maasai,2021-01-20 23:00:00,64
grtdtwipgcb,Kalenjin,2021-01-21 00:00:00,95
sbdwroutibkjrryehwjaoyozomhfbzydcoqcqtzynsvsxsyhsbskuteltsrsskpjzbfgrdygzvzlqbnvbhgyzcucbgxdnusz,Somali,2021-01-21 01:00:00,23
usyeptsvpcnymfnlfwkthsmbyrptadsbtmxhaxpbbboyshmanuwjmobsflycwlbsrswxknxgnboxddoysudwjspeif,Swahili,2021-01-21 02:00:00,90
tivrdxvzcnudtdfnsjewecnq,Kalenjin,2021-01-21 03:00:00,62
bdziuvcjnsulgnghjsmtoumxnjfigbhpldgayhrlihflhhjvqymwekpcek,Kalenjin,2021-01-21 04:00:00,12
zbxdutsbakyewarluhxd,Kalenjin,2021-01-21 05:00:00,59
tgemibuvtexqdccqzetzqynffdajypphptgfmxdnishonbuyuykkaszgybeoqkueyeuydblcyikij,Maasai,2021-01-21 06:00:00,99
miwfqgachbimaaeauxcrafoptcugkrtkcjjbuimbewscbzzfclsexgxddebyldhehxptbsoxajfjskzgq,Kalenjin,2021-01-21 07:00:00,70
iycvaproczxfawrnpqamyk,Kalenjin,2021-01-21 08:00:00,6
kbthrwhwuyjeugdtwfcturtnvpjcitgkkpddsvxmrbdb,Somali,2021-01-21 09:00:00,48
uzwzjsfeghcikwjxpovwzhpruacia,Kikuyu,2021-01-21 10:00:00,72
nwjajwrigjg,Dholuo,2021-01-21 11:00:00,32
ubipopwyevohwkxxnugzopcahojpwyamvskcxwjhokuanbqxiebesqba,Kikuyu,2021-01-21 12:00:00,61
pwqtwjwjibaehifgurnbjoavbojzmsnfkvjanrddermolksqgnzbdvuinahrersmhmzqn,Maasai,2021-01-21 13:00:00,44
gscyvllhpnchuxdurtgqweqypsxnetnkjhgtfozpnxylhfbxhupvbxpsaoogsdrkicqlrryalxyipdvmbzmlopdymptxsrsfx,Maasai,2021-01-21 14:00:00,74
uckajrekyjcidscncffoqwqtfpxkemixvnyrppe,Swahili,2021-01-21 15:00:00,86
isgtszpdeoeucnahziwnzyifgfnftushzucfrywqjvplyxokwhevglosrvfqf,Maasai,2021-01-21 16:00:00,39
avvklgwoqtgqpldvnwxznlibovwdxomueluogolujiogmuwcxontwikyzvlllmitarui,Dholuo,2021-01-21 17:00:00,100
yjdkncysapqgtyihutgcbgmdxdsgzitjgnxc,Kalenjin,2021-01-21 18:00:00,25
keacthlfqrnjyeipsmzqzldzyuyrzbpdjoutqxvynvlwztpjixycdfrtwevidjciukgcroqbkscnwvgjnc,Dholuo,2021-01-21 19:00:00,96
iqsxezlnvunmnxrpbtub,Dholuo,2021-01-21 20:00:00,50
xacntalegxlqkbzrnjlydez,Kalenjin,2021-01-21 21:00:00,62
shqbqtlfmmjhburyekkiwtbzvelaphxskggybazcaqpoymlgioswkrtqu,Maasai,2021-01-21 22:00:00,96
mjswwxfakvdekyxvrywgborwkpzbuhmwjafdthpxewzxmfexrxykzrpgjyasuyawyiajcwpxbrbvzrsjnqocnsycmsvlptumapnx,Somali,2021-01-21 23:00:00,41
pkdxvooeiluykfjuwjxdznv,Somali,2021-01-22 00:00:00,42
uekpuawcjwwmmyfcrevyobmyoxdmnbinagciymzeolitspzxzrhhvlgarhkasyfweabvgt,Kalenjin,2021-01-22 01:00:00,36
rlfmiwqiqlgydctxsayzymofcsprjqzydmsntibzpdkfqmbulvltfigyapgteblga,Kalenjin,2021-01-22 02:00:00,26
qqlgwuhxnreilqeewvujwmnlokhnmhrfnwxgxmntsvhwhkdtrkoxfiifwp,Dholuo,2021-01-22 03:00:00,10
flgodozmrgazqyaobsxeosnohnxydwdxmfdojbswlijgdxlckxmlhfscleramqsrehzxoclbdjuiyfsbbnyxzqunkjao,Maasai,2021-01-22 04:00:00,33
xepxwynpyafrxoqx,Dholuo,2021-01-22 05:00:00,14
pvqrcyauligzkgymlktava,Kikuyu,2021-01-22 06:00:00,20
xmybrsrnlbzntbgheconqznmcksqifborfuwrz,Kalenjin,2021-01-22 07:00:00,26
qeoeidbyekaafbxfktcspdwfvpsuzbbkicukwdudbhuupsmpehehvstyiqrhqdqcewgwconnmsxtzrjltvkhfydnjjcgv,Kalenjin,2021-01-22 08:00:00,61
jczllgadrcpoupmycwvtqbgpgtfxjeerflgrchkibxpxzkyumsvcujraeifppyxnkcxyvtavw,Maasai,2021-01-22 09:00:00,78
wolbifxabkrvmlhblbrozcuifxpyxwhgicvaatbawibjcffpbufb,Somali,2021-01-22 10:00:00,60
fgngcgjrmtsfcipigtnkdwvfmhxdkvkyxwfhhiigabijnvip,Kalenjin,2021-01-22 11:00:00,12
lfpqkbodkrlpqlegzkuzszbplcdlljenveqfdpvxcdqbkvhzgkkdtfcawopuhmspgaycqwykpcvzeeeuniz,Somali,2021-01-22 12:00:00,36
hkhyhczcfnvrlofmnkabvhedoeirxkvcocvaaprydxcquoqvtmnrlxgswttplcxytuwmbiwxtmdgthnkk,Kalenjin,2021-01-22 13:00:00,5
embcnhoocmlxkomhffejvgxucngzyrgcmshef,Somali,2021-01-22 14:00:00,24
ndopdmoaytcubkvboowvuzzcswhuiktrlwzeodnlofobhzsubmvklg,Maasai,2021-01-22 15:00:00,75
crkbjczzywwamesylujjwowdmfgilvyevmtukfgemkwakknsioavvkkkozdkknmpkzjyhnxvwtlq,Dholuo,2021-01-22 16:00:00,28
zigwaarbitbbkcwaliuvlhdjwmniffxsgxmaceafnllzqdwqthpstzwuaimpohzvrhqucmcrjcqialmxhqldxhkcnzygiaxb,Kalenjin,2021-01-22 17:00:00,50
bvtfncemgshosgwdcqehjcbte,Kikuyu,2021-01-22 18:00:00,46
itadwmzkaxbpyvftybussonckykeagjajglsptlsloizpwfzsiamcvuoqxjdhtbtejanjkucqhyjswdednv,Swahili,2021-01-22 19:00:00,47
lfyippyqirtchvmrouqxpbrfqzzkkjx,Somali,2021-01-22 20:00:00,62
kegxvywaoqutillzhzlbnrvwvoykxlncea,Kalenjin,2021-01-22 21:00:00,55
cbocspkvapiwwlyzqvywkrlxestpoctbthxmkaknoxgrozjanzyiybtslwazuzcdhuibusuolzyvczswooubsjdgofd,Swahili,2021-01-22 22:00:00,47
dardttjlokambsnyeldtngyyn,Somali,2021-01-22 23:00:00,87
acajylkxkcwqoruxhzvsmr,Dholuo,2021-01-23 00:00:00,36
dcgkzhsnacpsdadiiqiroahchjpnboqmfgyzpqyzhvehkrso,Dholuo,2021-01-23 01:00:00,61
caeqwqkodgoipbeujeonycgxyijrtgieivfdrcpwdzyvz,Swahili,2021-01-23 02:00:00,22
ehdrwwjiydkbcdibhekdxvdsxmvvfrt,Kikuyu,2021-01-23 03:00:00,77
celnhhpeuvhrjbvjqpcvlahcekbwzurzxdfdtdugsjyfuxfupykfauqjvlvxbhdbrecvpivsz,Maasai,2021-01-23 04:00:00,49
qpwvelhgwuytaejyekmfbyjtjebzcxyxmkswkyoohmrcyuwjdbyiuvwkjodcrnparnflwbbgtsosfvjhup,Maasai,2021-01-23 05:00:00,7
ifwedqshppqldhlzllhylfcrdlsrqalelkerra,Swahili,2021-01-23 06:00:00,8
aruwfkoaesqqdxorbjimknxplwmoqaxkiuqhevavduibfijysjiombnpovzetexqkeviqbtaljarkdnlsklyublwjuvrxweon,Kikuyu,2021-01-23 07:00:00,3
lqiqkfcgqbfpmagbmuwpgpcadxkauafkzhcdhwmgcyvauqjnpfebe,Somali,2021-01-23 08:00:00,78
ezgoyncejnuckrjnbqdlvjmsxsaw,Maasai,2021-01-23 09:00:00,11
bpfkigfxglitzxlsbotzxleomhspwfxikmyiqdfwqsoxhehxhdzobontqfhiajhqkdwpsbhxoavadsupde,Swahili,2021-01-23 10:00:00,11
dbbzhgwjnosgiavjcyulpvlsltyc,Kikuyu,2021-01-23 11:00:00,24
fwoxdiuhgeye,Kikuyu,2021-01-23 12:00:00,15
koemwfalhvngmxjhfpfjjcegpktcldfoqeisyctatkxnumtormlbbatmlywupzsjplvjgxzydrhmykggsdpdu,Somali,2021-01-23 13:00:00,6
ignhswidpbrawzkqsinuwhjiupoakrpah,Somali,2021-01-23 14:00:00,16
bxphzxznyexrobmflrktxlblhpebkojsorkanydokfalqpqejybfrndhdrgyuhoqrruboorlsqxakqqaphehwwqteglo,Maasai,2021-01-23 15:00:00,89
mvtpjadgdtqzlcogttpljxj,Dholuo,2021-01-23 16:00:00,16
rvnvxwzookhddewbvyenqgtdzabwktkaeznyjdjojjqsuzgxlqqchvqyxhyybrhszzjcykpmocgjrdjbgbsefxhgnar,Somali,2021-01-23 17:00:00,62
umrmoijoitukmyaowqatqzi,Somali,2021-01-23 18:00:00,99
hapczwgwgvrdcmjukqhudrlupvxjawagnmzwrrwhkfigpfvhyqxynsdwcfxhypletdydmfojdsklvhsgqriucdtbj,Swahili,2021-01-23 19:00:00,4
kxcysvoccvxtdkxundtztdruceozpmjeqwwwzxlpzgiznvb,Swahili,2021-01-23 20:00:00,2
ybaeigpmhzoerhdzidvawqygvzcqlgeohveenvficnvivyveurvkgdtlggzsia,Maasai,2021-01-23 21:00:00,92
lilcsctsjkbcpbzpcsnesbsvnrs,Swahili,2021-01-23 22:00:00,87
yvkxjjgztzxffodqqmywjekgmsvkdotkcaforrifodnqxhzujoixofveud,Dholuo,2021-01-23 23:00:00,100
vtrajjcliileupsvbuzapulscszbng,Somali,2021-01-24 00:00:00,46
ckoqlfkidgfiyyvxbvyoqaeubycbvifwhodfeuyxhwoqkzdhcrapjl,Swahili,2021-01-24 01:00:00,25
rhqhwfzjczixayiswtvpgduvbukshdkirryakfyomzgbye,Somali,2021-01-24 02:00:00,42
ddybrqvrthrryethfnvcxcnkvfugxzdipmvttyllfhdfwvsmhwyiyhaqhzythimbpt,Swahili,2021-01-24 03:00:00,97
dgmlbyypfxlsbjgxbzsjvlglvajjwcaurnutfv,Maasai,2021-01-24 04:00:00,31
sslpzsorfqhywojepxuuegzdflbvxkcrueadjcrotdyqhmtbhnl,Kalenjin,2021-01-24 05:00:00,5
szykixftazamqdrhyxjtyyoluuqfsdtuymleseqhzdjzdjpsupmljbsuljmvgd,Swahili,2021-01-24 06:00:00,85
prrlrfqlvvngy,Swahili,2021-01-24 07:00:00,91
hfefcxdmhds,Kikuyu,2021-01-24 08:00:00,51
wrpadjbdumlrxbuepkiytmhcffptixyeacynbsrykwyvhpfofcoavdfq,Maasai,2021-01-24 09:00:00,97
footvppssqxnvcgotjjuzklbqebrsjfbipgogatxblebehmkqbhkqiudoxkzxnffxygiohsvcvamdejpipzo,Kalenjin,2021-01-24 10:00:00,89
wlhbnzxrwkeasmlqjuldfyrvcqeotrtbyrwhigzzivssskmryrpj,Somali,2021-01-24 11:00:00,39
okdduravahtb,Dholuo,2021-01-24 12:00:00,59
kiqawpiirxnweds,Kikuyu,2021-01-24 13:00:00,67
pqqdnnddakribtrkfbprempfqpfiacujpcajltmqfelcqovhdbvbgehefhxncoffpczsadwqbpkiaedlbdidewksjvdsgiaee,Kikuyu,2021-01-24 14:00:00,74
ivfcocjfrdobupanvbrtckrocogzirrceokptyowazrdvvyemgirjlzzeyufmdlwwokkazsujoeiqmlub,Swahili,2021-01-24 15:00:00,27
ayiyicnonehuasyzmmnjjuktmfikrqvltpgltwtbhhpqejmyvnuawsjqjuygcrbphxiiqfxqzt,Kikuyu,2021-01-24 16:00:00,69
olcdnjbhlginktexpsdnjcichjgvfxsxbsqobhsgetfsmebdoqnnxbuuxmwkupawmojjbtduvmq,Kalenjin,2021-01-24 17:00:00,8
cpahwymvtxsrfhfezkvpbdnmqbcfk,Somali,2021-01-24 18:00:00,26
ctkmxgizijvujxtfwqdobajlaqftcqacrwcletvberrrcdcoeflflspaqirowcjpukwvameagbmbclpemhzrd,Somali,2021-01-24 19:00:00,39
txcprxldslizddiwrvwgduxlljoxhfsnjqblljmashkizbmfgf,Kalenjin,2021-01-24 20:00:00,20
hwarcpvhwqidnhgwzpjtlvoteffexiirnycahviemgvyldimtgztwgfembtpxhkbwzlrhrtao,Kikuyu,2021-01-24 21:00:00,14
ogmolwcoavhvydmkwgcurrywpxtumxu,Kalenjin,2021-01-24 22:00:00,75
gxzzilygpueazbyfkhb,Kalenjin,2021-01-24 23:00:00,17
fqfcjyfuvteypsrfpuwwugndkhpgefkudadmwhzgftvvkhbftzzqlzofcpltkxeqgxxsrvcf,Kikuyu,2021-01-25 00:00:00,38
ghgxqlvdnwbaimcdhhftycxlbvptarcshfdcmntjksuvzubbvhvfnqpxeukfywakyhy,Somali,2021-01-25 01:00:00,79
obytpxdeonpyqyoyaxqpswxpgozel,Somali,2021-01-25 02:00:00,43
ylnzwnucfswaowulguorxlukxinhhvynsnotbubbwwdgdmkldwrkojmulbofawblllqzugflvsuhfsnkpqcwgespscsp,Somali,2021-01-25 03:00:00,75
kyyakrwuwdkoef,Kalenjin,2021-01-25 04:00:00,88
eitwrktpigjhrihrnyfhlkuopdyvcksec,Swahili,2021-01-25 05:00:00,10
zjphnygaccdxosvwhkqqgfdaojxaljbkfqqvqfupclirpnwfnkigtqarddcpsjrzap,Somali,2021-01-25 06:00:00,32
lzxwfskqrlmksomlu,Swahili,2021-01-25 07:00:00,97
hqvinyabdtmvlopytwfpkzxgtzhyqxxagpqynd,Kalenjin,2021-01-25 08:00:00,52
bssbuxoucz,Kalenjin,2021-01-25 09:00:00,26
okxbnomcxvvuwieyrpoxhkuvgzqphtuxlzmrozfqgtuyxwlfnltlozetqmqnwsjucc,Maasai,2021-01-25 10:00:00,17
xptdajpxwohmwztuvjkgwodfvzufzsczbnspsfpglzkomatutgbdgi,Kalenjin,2021-01-25 11:00:00,28
cqtpjtlrcqpuukwou,Somali,2021-01-25 12:00:00,60
njpvcfggoetfcehnyqajmhtiufeckgotvszxorsihxzcoookkck,Maasai,2021-01-25 13:00:00,97
hlzgzdmofykhucfphgflokgymoaenbrovpcslvmdfusfwrfgidamtuximauvgklagpptafbarqgfurtttpkbitgevaabzmu,Somali,2021-01-25 14:00:00,97
euzkostujrszrevyxkhnrxafkjsatmal,Kalenjin,2021-01-25 15:00:00,71
hzkynhwthpavzhoshnbxevnpgyrs,Kalenjin,2021-01-25 16:00:00,90
uvahmzdfiixkusobhajvghongfhpqqfnsyxwajofca,Kalenjin,2021-01-25 17:00:00,16
pljoivrjjpwwpfkzexnsrfhaljexzeroofdizhewxebcxo,Swahili,2021-01-25 18:00:00,98
xhgynohnyclyjuvmebdczauazgjqgxrsshvgqmfyufhrogjlsegaid,Maasai,2021-01-25 19:00:00,59
tiwtojztopkduawatrtushusiljhxshttficnsoggmommxkixiudsdsvfxpuyhxemoly,Dholuo,2021-01-25 20:00:00,95
ujnejmczbmjpbvtoyvn,Kikuyu,2021-01-25 21:00:00,9
xyndpleaeyifstwcklmjubquufcuokwydgflcghlpeyyzlzattyfbwqrhalzhruitkspbmigdniionrbhgnzq,Somali,2021-01-25 22:00:00,55
pwgelfuddxdbkyqgxweheufzjdayecvswpkatyfwlwagtsvwasj,Dholuo,2021-01-25 23:00:00,43
bqbyrybzllmgpxbfrvdzghwljdcqvfxshlqlyavhrmhblnzerbykrcutuumtshxxhptpnvipgd,Somali,2021-01-26 00:00:00,13
blbvnxziuppdidgfafnvzvhrqrjygppslfxaazuhpkluukiyaiusnqmalhhwlaflhbtnheindhtlpkhwmicduulvybdjocqyk,Somali,2021-01-26 01:00:00,78
ztfppxropuambwhqixlagvxdeqizkvhmtrthimwuiocolgtuidwdtjiozxgkhehrwgiwqwnero,Kalenjin,2021-01-26 02:00:00,1
qmdbydcxwfrlibubfs,Maasai,2021-01-26 03:00:00,11
pruguungjlmmgigrdgclmyizszzohzerpjvaq,Kikuyu,2021-01-26 04:00:00,55
aaypeeqzalborqz,Somali,2021-01-26 05:00:00,60
sltxseubxpfgkefwdhbhskkrqcabxqvfxhnvzh,Dholuo,2021-01-26 06:00:00,59
xwwcqusadxktmwsvmmvmgcreuwnxprjggcxiptsdiqxnuynjhxmmfyjqiyjfvrdmdyhodg,Kikuyu,2021-01-26 07:00:00,2
bzwswjnubzygcxkkcwskdsbwcmidpefiujxsmcxsawxrlhcrcqwmmopsxyrbwfmvezkwlopfnihy,Kikuyu,2021-01-26 08:00:00,98
mbnzpmvstjeozqzoxdgqhmjboscvyzt,Kikuyu,2021-01-26 09:00:00,69
ysmijoqisnvptbjtuyvtuxid,Kikuyu,2021-01-26 10:00:00,90
nnibbrwinfvyqxrwbyuxvszmeqfgkuyhztnoxoxvjvkpfuqzpsjlfmtupwnorzzpgcwjosfmloukolsbajfhrawqqvy,Dholuo,2021-01-26 11:00:00,26
ygldftgrpamblvmmsdnhdnfcjmpkptlcpkgrrapamdptrrokydzhrspgykvfjepvielphukxiwudqiszwtmsy,Swahili,2021-01-26 12:00:00,12
agrwcnxqmvjmspqarfypjoqmtvxpj,Maasai,2021-01-26 13:00:00,16
bnhwmtadvowekbjqyjjbbcjjmoivtydsk,Maasai,2021-01-26 14:00:00,100
kufrvwcdzzeugpcmfetq,Swahili,2021-01-26 15:00:00,65
vubsiebwzcsmnbswvtledxeeftufeosyiszvyzqxasticzjgeqlzvqkrictimkbycbqvblldndtmirjalkdhakzmhtdearevvjb,Swahili,2021-01-26 16:00:00,2
nuvhwgaehzscxpvonuldsyawrltmgslugqjtpfavuolwovdmlpfkiklleencjnrbylbqfrqaufetwzdudjbttaybidayog,Dholuo,2021-01-26 17:00:00,39
tvhyqahkdjyjoszifqzxvpsjvlbuxmiqwhggtcjbrcnkoribszaumnlzwqwcfzowfxzzgkdetsojlzswcjykahyoskkjytnikieh,Maasai,2021-01-26 18:00:00,75
lljpbdmemumywjltswmhkdswsbggdgxutrgxfhfnptndirvqyjfmjrtbtvlxmzanzmew,Somali,2021-01-26 19:00:00,87
zhqukfrwlkkuwlafelakchhlbmjmvkdgifmmbjavpdikcwetfaemzbtpyjflulfhrtenokwfe,Dholuo,2021-01-26 20:00:00,30
gamcudkrrgrryvmdexqzvujkyfzftykxdvhlfblxpttslxkeprjurgnavzhibisyqojxyshuxwwbxkmgrxlzdnhcngbex,Dholuo,2021-01-26 21:00:00,38
erdcnbndwyhvstiukkibyncc,Maasai,2021-01-26 22:00:00,3
kzdkxerwpwpkpdvj,Kikuyu,2021-01-26 23:00:00,100
byamiclbdbydzhazhurwdnzouxkuzdzkelrycqbnmchxlsr,Kikuyu,2021-01-27 00:00:00,58
ktlutruyjfszuwqbgsiahgtzklabp,Dholuo,2021-01-27 01:00:00,5
vqdwsvqnyftbcshvamaygctcuuqnrpzmbihupdnqwhndppgjsqluo,Maasai,2021-01-27 02:00:00,32
zoltxfnhubtgtetuketkcratmioltcdlhtstoxwlcxnyxpzcjiwjvogzqrpch,Kalenjin,2021-01-27 03:00:00,68
rlarnysmrztfqrodtkyqlldvkbfkcifcttadyeoabhuaowahbui,Somali,2021-01-27 04:00:00,29
luegcijucdxwepceinrgkqgqrjjufoivvsqryezauypvioqszrnejrtgdaucihulzswxobfmwsnzmzhxcubmqn,Somali,2021-01-27 05:00:00,56
jcdfiwfwiytwjhyqznrogsarbczlbvetohxyfiszvdbbjvzhaqedd,Kalenjin,2021-01-27 06:00:00,94
wcmryqkcsbvbgruiscphghfaurmg,Dholuo,2021-01-27 07:00:00,40
egsbpczbeurffortaboavrhcytpolxcylfhtkehhyjrywdipbhngpzodwlauraezifxsmvrnfxlbhhrlyyfhqornusme,Swahili,2021-01-27 08:00:00,92
lbwkokbwwwxcgypkxziyihwhhtpjqfetmtwxjdguhlschdztztavpihnbkknriokzbowaxkyhpbswkdnqizeqblhmmjpoywfeoc,Maasai,2021-01-27 09:00:00,4
gcsvfevwqcpfhnqhhpayjakluknznmmdmbvtfbumhcvmlozndnezfrvuixcjexinhinebxlwke,Maasai,2021-01-27 10:00:00,31
wzstzgoszgtzaefyexoipacdtexfcdqyip,Swahili,2021-01-27 11:00:00,63
pheyfutxkosofsxpksiaajpxnxrbqgbjzkismjcdokztwdbzjbxogfcqqfrrzmvo,Somali,2021-01-27 12:00:00,53
tzlwaxzcbwfjdzphtehrglzbewtussfujxwwnravecejitzrnwqonxjbarsmjyttpwfqekaqkhrkypddlhjzm,Somali,2021-01-27 13:00:00,65
zdhexxtgizcadpobnscuhaggslvbgynbuoagzxnlxeqmjwrbigamrrdgzoahxq,Kalenjin,2021-01-27 14:00:00,98
rglaalzuvxwtzdkpcfgapiresiziujsczyngyibocdjnbvqdytualzaftjkfoclaqdixjn,Maasai,2021-01-27 15:00:00,69
mwfmsmfpcpchqodtsemnxcifaefoqshukwbyllilqnhgkfyliapmyfkwfxrvbebuq,Kikuyu,2021-01-27 16:00:00,90
ultktfsaqlsiymfesptyaciwusvdqygpqsvauxkhldouvuuyoodqfzzitkfcepcdgpfzddwnubgvvdmtgyromue,Swahili,2021-01-27 17:00:00,9
nigyaumymajtyhaacawlhnydejfqmhhavbfadizyifngcuealumxlimkxjrmlno,Kalenjin,2021-01-27 18:00:00,59
uvidxbhiykgascfofcjaiojvejehvkapjuvoshaxavhmhezqwishadooewyertphztkucdkbrzq,Maasai,2021-01-27 19:00:00,47
lroeflcrfohiakwzaefhjwcpferhsgqwqcazjlriqmvixpespjspltjvyykwtckwkzauefqcepwozgcskrmeqakvxuecvczqdcc,Somali,2021-01-27 20:00:00,39
qpgfteyajduawabvlsmevaynjaob,Maasai,2021-01-27 21:00:00,30
ttrdfyblwrgkymcpezmdrynnovoffdsha,Dholuo,2021-01-27 22:00:00,2
aiuaillecseaawrnojcfhatrnwbdmesgzfkmmewtjxxcgdomniffjyysnxnihhjbuvycqry,Kalenjin,2021-01-27 23:00:00,33
kutuqxapffcqgwlvnwoultddgohcsxefmrdxlwukgovtzteapsldrhvlurzhnbacktqjcuvvvyuinwf,Kikuyu,2021-01-28 00:00:00,55
cefuphbeiopqtrhar,Swahili,2021-01-28 01:00:00,76
szoiyaolfyvlpnlboanxhufrlyubwerlhqqqnrcrgljbabeglufybdokubiqublkrqallclc,Kikuyu,2021-01-28 02:00:00,75
dekhchzgapymlvwrzarcuqsohrvzxfqanjfgascdgbjuuluzmhzbzthqpwelzshffwxnavctjwrfxpsvgkqjssqahf,Dholuo,2021-01-28 03:00:00,31
xjzmambdazsrkumvpcnvhphnejjtwk,Swahili,2021-01-28 04:00:00,72
qwmvgnkcylcbpigrttbdhhenwgyiqwyffnaxkurzgrfhqcpikz,Swahili,2021-01-28 05:00:00,80
ujwxpxlcrylicadjsjtwbkdijodsmwzvimxsqvssgoyvebdrnhiutessxooxmaphwbhwxbqve,Kikuyu,2021-01-28 06:00:00,98
upphalqerilaqnoduueepllcuvgnkjfnwfmsvqftesouordmwvupcfoduoxxvincieqiaeyparphkxmfyxiynczsap,Somali,2021-01-28 07:00:00,24
ifnqcuzsounjrilqaqtweyjcmtbtbroevcaydsmjlapkxwb,Maasai,2021-01-28 08:00:00,98
rvdiogqdnvrnxhapsr,Maasai,2021-01-28 09:00:00,17
pebtpjeichqzlgwpvmctjldxgyo,Swahili,2021-01-28 10:00:00,36
izapudlhgxbdkqduynccexswkcorrbicxweovgqafznpaafctpxbrpogmbg,Kalenjin,2021-01-28 11:00:00,45
niipbirxctazhgkcztpaykdhhogrpjhhjsnmemxrsissiwhrjvgetfskm,Somali,2021-01-28 12:00:00,55
vrqdvxepwxvmxwohhjmclcgjbhsvbhcdbwwzjpekmupeddvzcbwmjevqncaecqtditkkqiltyznlikojl,Kalenjin,2021-01-28 13:00:00,28
ffxavtqxkkevrmqxrfznvebtripiitjbywplqszgqvejpvsiuqevdbphqnhtckzwzbsyjdcomjpezxdmzehjlmlwadlfoj,Kikuyu,2021-01-28 14:00:00,27
rlqvkndueqnwborlvdnrrmlagtqrgbegoriibumluyjhjxlkqm,Somali,2021-01-28 15:00:00,1
nemrgtbzbfyxieyctuaudteybvuxgmunzmdaubknqovdhalwzbhxhkoxzsmjkrnlkhcdudncnysjelpqaquqacclij,Maasai,2021-01-28 16:00:00,1
wtglrwntkctfprnjhfwctnrswlcrjpkbwsnpuffhirebduynsyteijuizhmqoqsykwlsbltfzzviwdisjjxhijkadxazemejhmo,Somali,2021-01-28 17:00:00,59
mfytbttrhnssuxpqbamkdrwngyezupclpcqnyfbhmsxcliyqkszmihikmrcemzgyxnxuksnivjxtnsmatsnkldzc,Maasai,2021-01-28 18:00:00,11
cvnvdarqsraxdxfymzqudluocxe,Kalenjin,2021-01-28 19:00:00,54
oqqrjxadoaxqlqqqqypslzdncwnuszingobmiezkieotqxokhcusbyappnewmwtuedftvvroczljttbayhnsxaqpvebqeyhzw,Kikuyu,2021-01-28 20:00:00,88
zlxcnpjciwmrmknuqtaswysxdgeuotjgvompbvdsxrddahqmwitohicyxhjvpaqmqtvpjcbiwoxfkrmhztfcprtv,Kalenjin,2021-01-28 21:00:00,46
daifmqtlejowqvnfmammgnptozhyvcawesqdbyblyffawpdbcyvlmatwxabgeugbetsgwlars,Dholuo,2021-01-28 22:00:00,59
kmxnimwknvdwovkvrntrwzccerphenpugnhfkwbmsexjctitlwv,Dholuo,2021-01-28 23:00:00,22
lieghhzmugepnigdmzzjothmukicemmgdwoyckhwwpoozinakg,Maasai,2021-01-29 00:00:00,41
ogxflnowvdqvghmptbxnkofhneybmil,Kikuyu,2021-01-29 01:00:00,40
amhxmbuvhfjfiyoxofffwjounoqrubgmrhinezpubjnawmydqrwtwzwgotxnigwlggxsypxdyfblsh,Kikuyu,2021-01-29 02:00:00,75
achihlddckxmjaohddajwixoxkrocyds,Kikuyu,2021-01-29 03:00:00,73
dhedwiuuodegazdngtdlytykusvsolhvwtuh,Swahili,2021-01-29 04:00:00,24
pvjrcqhlodipnmffxlhchcobgxbhcwamwnyednaffxqqriepinbudmdfkqzjbeayocyny,Kikuyu,2021-01-29 05:00:00,95
pudpdrcpukwxubfscsnuuel,Dholuo,2021-01-29 06:00:00,46
kyyjabjlohutmqlqhytpqmrddcekishexdzdjjxlauxfojxmvlcnjykrjxjbwuiudcmfyibkpypklfy,Swahili,2021-01-29 07:00:00,4
twwqdxshrifevoirwuqmackwtvlhroawxnxzytocfbenumfqaygkpsbzzoxfvjooarkjaoxdpexfzgpwhdlmwg,Somali,2021-01-29 08:00:00,23
jdlcjutzjeprezffiotpdlxhcmncsnxzuuvrexwzkvqohz,Maasai,2021-01-29 09:00:00,9
ujbgundvjxjtmflfielndlsopkdvzylqhrlxr,Swahili,2021-01-29 10:00:00,59
gozbxmnrsgzxbfyjwyzoxaljzzevjriflhrtqpdylpryjogibvmujihmyrixudhgagjdgfcutkpxuobwvmygndoudcbr,Somali,2021-01-29 11:00:00,77
xwvvvctzayfcyhxtyeimevjwiimvvpeqemrraucqunytbbnjxrnaimankuhwctdthqkbkcxxiqdupiegvgccxnwyknb,Somali,2021-01-29 12:00:00,38
foyvfxfnoulzittwsgmfpfktevtaxkdhsaqwfqiqlsphoubnzoclwngyszchgtjgskmhhardmzjinruaf,Somali,2021-01-29 13:00:00,40
xzkhwfupryzehdjymkj,Dholuo,2021-01-29 14:00:00,6
eqaufqwcxkzkaos,Dholuo,2021-01-29 15:00:00,49
edgoaighhlegandzyyptwiwamdxbkxjcvxnplhsjivdglqs,Kalenjin,2021-01-29 16:00:00,75
fuevgtaydejqezhnemvfhn,Dholuo,2021-01-29 17:00:00,86
ynpdghwwomqkwnurntaojhgmdqedluvybtnjtgxgxwttphlwiszbm,Dholuo,2021-01-29 18:00:00,3
yhnryzihzpgozkpkti,Kikuyu,2021-01-29 19:00:00,77
aipmhdpiuqxzmdfdgcbgrvldjaolzmjbnrzkrmvpenqeifcjkbfwwvzuvpwmwyq,Swahili,2021-01-29 20:00:00,78
oelgigbxmh,Dholuo,2021-01-29 21:00:00,10
cnxvywckesjooqkhhkxyakfeclgf,Maasai,2021-01-29 22:00:00,14
vuhdumiobkumoaevcnxamvacnjcsdefecfszcxicpcfedhhqemcpzs,Dholuo,2021-01-29 23:00:00,76
cbgmxhedrfq,Swahili,2021-01-30 00:00:00,82
qrrqupcadhrtoxdtdkavzbfunrrscbzujxymtwoijzhgywsxcnlgtzgrpytlpzkbpvaojkdghlkvbnv,Somali,2021-01-30 01:00:00,57
lmqeavfyqsknexzblrnfypnxvqwdvjedmdbtyjehheoeusgpemjopunnxlvsslpntdzbumvbermlyrmpgycbscp,Dholuo,2021-01-30 02:00:00,37
tsxqpdlrddlhxekvxbmbiovqctszwnxpfryfgnibtrptbmddfcknucdcqjonczdrcv,Maasai,2021-01-30 03:00:00,67
unagbdnaitqwbpnvxhyzoxppfpkzkszmiqhqbhoaxfyfyucyawfpoxriptmzgxkkskjwspkwmlwtarctzawlvzentqwdtvxnr,Dholuo,2021-01-30 04:00:00,5
dxlggqrntojmvamvahardrkjnanaxxmidzhmnizviawwdduwuuvrirfqcwhuwgzgggduhgztxbyrnmxexi,Somali,2021-01-30 05:00:00,59
xraszwndczexwvqbfxlgfsnzguucwppkitjkgukwicxixnglspvsuhsqjdkxviljhuzuzlkaazenqgoklatplqycnwby,Dholuo,2021-01-30 06:00:00,83
wnxyoeszwsenfexzworjx,Dholuo,2021-01-30 07:00:00,53
ffupnmjprdzwxwyjcchwxjucgoogccacfbhubnmidgciiy,Maasai,2021-01-30 08:00:00,69
uqvharpsknw,Swahili,2021-01-30 09:00:00,42
vyhmyvpevbamnxhjjesndbqrqmdfpqcwrqoxoqkqmnvzuxyvtejgxnwweofpnbplrmitpzmmnmfjdiqblia,Kikuyu,2021-01-30 10:00:00,54
pwytramcxihxnwwdxzdreaybrgeiywfeoglwfrmphlmktrsjaibjncwcwx,Maasai,2021-01-30 11:00:00,36
jjrnbuyrpwerezaorrndffdrzsxnubhgthlsjafhuhcialldhgbfdgjxkzpwzuotgide,Maasai,2021-01-30 12:00:00,10
nscgzheuidpnkxlrxefehlretioormkzlaiolcebpjjdilgmejhysjcoivdqsozruttvqzymphkfrbcjodp,Kikuyu,2021-01-30 13:00:00,95
wejhenymcztituqpkzdoiawebunbpexqjsfcraszrkjeuddkockdygqpmucauahjgiawlhzuarpvd,Swahili,2021-01-30 14:00:00,80
bqsngpizmtzovskzwwavwokdpdwglpdblvzmtkqaunffmntgusuqjlyjmlbfppvzlflgqlappwyngveczmjanelfauyyex,Somali,2021-01-30 15:00:00,41
qmnqeypsssijzmelgsnkhsnjwrvqddjolqbruyqwkeudhfhwenpmgoeuaslpnawu,Kalenjin,2021-01-30 16:00:00,32
ocaxydiwhemehfzzggrrdptfdnbiemwvnyfg,Dholuo,2021-01-30 17:00:00,85
vbfhcrxjgsvdjwvixkusnskuijttuvhl,Swahili,2021-01-30 18:00:00,3
zzsbtblkhprwvaqebwpnwaesfixzctutfmbfyqehsndjcgqplffffjbsfzrolnzrqvwizrbke,Swahili,2021-01-30 19:00:00,15
uebwxeybfixebiphhnjvvyrdnmbosmspdnogigcbsikbwfjgpnpweuhacznavegfwdsxr,Swahili,2021-01-30 20:00:00,78
cmobpxneusqkyahmvwataxofxxwxgxiztreyyqdgexvlvgjalixbzhorbvxekxasmxnigc,Maasai,2021-01-30 21:00:00,99
cyxfwptbziqgebofcykiuxucqgkwuvddzgcoxsdzqznumwteuaatbscfulxn,Kalenjin,2021-01-30 22:00:00,70
ovrzcpfmetlloqdpqdsejsvdypcqpwzcbszhrzxjlcuzshpcubuqzdxjravhegstwseyvhrwlsrhkndakxdh,Kalenjin,2021-01-30 23:00:00,55
ikaztfzqenykqzmpiifpngvjfwivzfqsvsnrmtkdbdz,Somali,2021-01-31 00:00:00,64
bqqxxsvhccuofofiqpcmmktycdygvizvdvfcnoayzrbjckhzff,Kalenjin,2021-01-31 01:00:00,1
shyxapqwinehdgqjqxhikty,Dholuo,2021-01-31 02:00:00,38
ljxdkwyjpypimugcaznlrt,Kalenjin,2021-01-31 03:00:00,38
lcizsvhznnotzxbrpicyedxeiifxivmpkrjqawmgjiifzuozlnqbblpawpdfzownidnmyj,Kikuyu,2021-01-31 04:00:00,24
msiqqcziwdm,Swahili,2021-01-31 05:00:00,81
grbjylcjvgj,Maasai,2021-01-31 06:00:00,48
bxltjwcnkqegzbcgvdbiqvwohqzjtkzwxuuwhydkhkduecjpqi,Kikuyu,2021-01-31 07:00:00,18
qajxjuntxhnxwupvbteusmipjqebtrlalpdlvyjhsrqwfxjsdgdktwrkqyeipiowxrltsw,Kalenjin,2021-01-31 08:00:00,76
pvfedmlekjhbrehyomncbvfmptkrsvpduxtdfwmzkzpeuvxmbakbszvepwmpgbvgihloulyrocqin,Kalenjin,2021-01-31 09:00:00,15
mgljeewuztxdkdkeefmkqpukzsndycbcyqmwlrzggkpplkhxnkoxsjthudluctbjnvrclljgmekgrsmut,Somali,2021-01-31 10:00:00,23
fxqnnelogwctfenkvdvnuqflbwqncrywneezpvwrnlmhudfytwwtcnjlj,Swahili,2021-01-31 11:00:00,38
vginzcgcybfgftiluyppcvuijleitezspqedvoyxwtsnvneosexayqkhzaemxsoejkbdposohgnjdyj,Dholuo,2021-01-31 12:00:00,92
gsrnvyguhpkbqjrwwfewmnsnqqei,Swahili,2021-01-31 13:00:00,71
bvdhizaxtrtemgbpwubakytexrlxiflewmvmimkhpjpzkpkkgpvniaibodthdtqpznpwapwxhrorwqglym,Kalenjin,2021-01-31 14:00:00,45
pcuagupjbgsbftqodpdtfqbxbpsefogn,Dholuo,2021-01-31 15:00:00,11
ijvefamwgofazi,Somali,2021-01-31 16:00:00,19
jozwxvffnrhfncfhxkbttnsxzhyykhmmqtlsszfgibycfmaakwwasjiywacurxgdlzrxe,Somali,2021-01-31 17:00:00,33
alwdqcfemsjjrvwhsndcorbeyneyzylqwvdnittraohuxpona,Kalenjin,2021-01-31 18:00:00,37
qcpxvbothoxoxjpcqbqxfijffovdxeaigcvtrgfhuelflzdffpwmswtslwxinkxat,Maasai,2021-01-31 19:00:00,75
fzftwmdpxtsxyeligxefiycawhsszlh,Dholuo,2021-01-31 20:00:00,42
oqkavqxwogphfob,Swahili,2021-01-31 21:00:00,81
uwoylcbmxyiuelrntuqppoaaulhyyygwguuayqmhoeouknrpqmzyyhnzbsvruaoqagiqts,Kikuyu,2021-01-31 22:00:00,42
sfsopwtouljsakbaoqiabpvsnlkubqmkpwggtalsm,Kikuyu,2021-01-31 23:00:00,70
odhrrjuafdqjocaivfkqsexa,Somali,2021-02-01 00:00:00,67
mmtrnzpolsdbnidffaoobgawqiighydzpmgrgnoxqvjlzgxnwrczcbtptbihruktsumegfaintnxjbugpdvbxmjmiva,Dholuo,2021-02-01 01:00:00,77
vwiistduunyvmpdjwptspknlh,Kalenjin,2021-02-01 02:00:00,68
ebwlyejoglvgeahahgrxmtvlimczhwjbwxjdjdseirafhyygvfkoigzokhnmndiyfgilvrelrgdltevbtfkzwrhtsmktitomtdg,Somali,2021-02-01 03:00:00,70
tmyoiozrjmwhakydnzpoiqwrqhucbgyfyrsrmvrzoxolcsyaqtpcdganpkjthcpoax,Dholuo,2021-02-01 04:00:00,70
orcocembuieipwcmhnzyuxkiptjxyouapuromnnebbmiolblqjrlarothdkzxjnpezvntejqevjbuo,Kalenjin,2021-02-01 05:00:00,3
rjxhwsjhlcnteszhirtnryyrqebxjrleaffmaccsvuwkwictjfejhngvkaldbsrdoehgf,Kalenjin,2021-02-01 06:00:00,73
pmgjvysfbxfpvfsbddtgozrgguhnpvtvebqlzlcjwcwyxpeujyugpqoyhdkewqgzbxxxjmqvsmydiwvfshyerzw,Maasai,2021-02-01 07:00:00,89
uujalhreybttynvhnfejuonxwkvbsbtcsbmvgugozjtcgughrdskzmxwjbkwiaeaekjalitrrbojyranbt,Dholuo,2021-02-01 08:00:00,93
snjcmqztewpwojdodbykicsmamifveddgsuxzfwmpnrlmim,Somali,2021-02-01 09:00:00,43
krbstkxktqjt,Swahili,2021-02-01 10:00:00,56
zeebemxpzngzrumutparyq,Dholuo,2021-02-01 11:00:00,62
sgjledgldgkegablsktxjozcvechaeaergyigvilshseipntpxywtkntsaxceftxmtdlxgtruhz,Somali,2021-02-01 12:00:00,18
mbpttmfgkquzfsfezeiwswfltjyhlvqprccjufvertrteeqvaxyxpsnaszcz,Kikuyu,2021-02-01 13:00:00,47
kumcaziauddnzeuabytbjtkimxikhidypdbzzhjnzpejqfbylkigdjcyfyhcjmxh,Dholuo,2021-02-01 14:00:00,63
pfmtvaxzujbgslimegokonjkqjdxvwmzsbhgkpalrypmptxhpvxtgf,Dholuo,2021-02-01 15:00:00,94
wcjmojgiqtdlsvwskqlzoiqufdglqeettmehqqksubprabuasxyjcwibqabbtarlcjl,Dholuo,2021-02-01 16:00:00,66
vtvxclqxfuzxqogbqhtuexudnvtgsixfurfhwmhiyomtbuhkqcva,Dholuo,2021-02-01 17:00:00,64
hfcbdkblmodgsstannjipdlfecregedrehmwercwmtisorhxfdhypamfbkzehvkxrzdrsgzsrbdtoupeslcuxvukzmovnh,Dholuo,2021-02-01 18:00:00,96
xxvwsvrcbkwbgrohuzcvlncqixphgfxxcbf,Swahili,2021-02-01 19:00:00,73
oaqdyazsrsecwnoqdgdoyuwnohduledskcaqzhwisybveb,Somali,2021-02-01 20:00:00,71
klfqmugwfrlrgkwgfavsnwjyzpaqvhbkeitbtavixhdwmnyacqo,Somali,2021-02-01 21:00:00,73
mxdxncpftkumwawpcpfnlksislwzigcbjrxlgrhajhycwpmkmptwlyverorftrjxmyzsxhacotcmwchfyjjchvdlmmzgqgdeqc,Dholuo,2021-02-01 22:00:00,2
ttiretqnlprevaszvtdemqroeksnyawqprbhzucv,Somali,2021-02-01 23:00:00,82
riotmaddliuxjgdjeawprmgoga,Kalenjin,2021-02-02 00:00:00,51
wgullpwarbcpxmnjnilf,Kalenjin,2021-02-02 01:00:00,24
zqzrkekcxdfsurmvbiaytpr,Dholuo,2021-02-02 02:00:00,19
utqndqzzymzbbwychqfvvdppdljkfb,Kalenjin,2021-02-02 03:00:00,74
ykmewxmtpfqgfogudautfawfqsyfkozqamvnlgaebajvkseikcqlfongeibyommotmhtgmvrnjgbevknbazvtsdwexxpyktj,Dholuo,2021-02-02 04:00:00,31
rpfcuhkgaikqowfkqfknixhpytorpuwuutueqwvteuvqwwzredomdanovitotza,Kikuyu,2021-02-02 05:00:00,65
fgleabxivszmxdnm,Kikuyu,2021-02-02 06:00:00,98
tdysshqjiysvkowcplwnvroxzqquqaeqavljwcqyoppbxfltqkhwreqrifxqson,Maasai,2021-02-02 07:00:00,6
xlyfujlxnsuavvbvmoyqipvaxjxgtyngdpaqpggratjpnzwpuzs,Kalenjin,2021-02-02 08:00:00,6
rigbxprqtzeiqgbb,Kikuyu,2021-02-02 09:00:00,42
jsgvsodxylsdjlkuoqeoxthtgfsriibkkiushvmwarqedkhfoqunrcwugmhurvvvf,Somali,2021-02-02 10:00:00,90
crwemzwtjwduirigjfrerdywetrudvjmvkxvboxaaviilwdpocidyznxflktjqtpowtfxsxxjijikayhpbzhnrpqy,Kalenjin,2021-02-02 11:00:00,45
qevqaqpcmlyucucdvnrqfdpkljiomihbxhqcdfladqzrazxpswimkxvrwt,Dholuo,2021-02-02 12:00:00,13
rzhpwgdgwozezbwwvrigkhugjwnbljljcympfsaffg,Kikuyu,2021-02-02 13:00:00,78
ezjsbtumqdetbbbpgdlqoffkssqjqhwrzgkbadnhogsfdnygvgjnsuebqkyrxmvmhorgllirwvjtyxwnvqrydguiqrm,Swahili,2021-02-02 14:00:00,23
jqolvvzmfdiuploxfhpowdzjnrwucymoyawsngzymowrqspusmesysefoarzhplyhvmwyslmdhcn,Swahili,2021-02-02 15:00:00,60
ynophsrqtedgvropqlhobjqhmwisimxpwdibczycejgjkjpixccvfbj,Maasai,2021-02-02 16:00:00,73
wfggibdqgihxieqjapmpgqgqavollhsroibzmrvydekvgkbfvmuvotymkjenjnrpvqnbnjh,Dholuo,2021-02-02 17:00:00,30
svtkjafptlavhghcqobfekrvdngtetjxaboupfsqgvecnrdrzejgkagluuunhloeez,Kalenjin,2021-02-02 18:00:00,81
kmvmdnppwcwglnptahmknaujhuiwzqjmfbpriiayvgushyoqpwpjtqrrhvijcgtjudktjnqnnrq,Maasai,2021-02-02 19:00:00,67
sjnobeqcbwneesacckunfevubwodscmxotgahxakazmfu,Swahili,2021-02-02 20:00:00,24
cguqnjouahzhsmnkybtyzwmdhbazkibvjjvbjsbskeyxkejcmeutafcyebhowrkehbsyfgnycytzsgtfoerfgiajlotrb,Maasai,2021-02-02 21:00:00,84
odfcplitaedgacuyxflyyhanqzzawyvlssnkepltnsokuvqifknfwtlfujmltrxgjrqqjgmzbmiusmoyopkmmkwqe,Swahili,2021-02-02 22:00:00,23
yetibpaqbqzujjctelujaghtxrqioxqeevhvkkkfmherrfykznfzxlirddhurxkzmmhphuwtyzcdzftgzhnaeyyo,Kikuyu,2021-02-02 23:00:00,29
xaenrkxkopuhechnmikd,Kalenjin,2021-02-03 00:00:00,92
ihgqcrznyiavywuygclieqxwirhszilwtobccwjmmydhlsnsrghjfwkukqojobhkzqbhqjicfjthnpiluexjjncmqlpogsgdcfdv,Dholuo,2021-02-03 01:00:00,29
dnectjokkyqamakfekdqqbasjfhxqyhgp,Dholuo,2021-02-03 02:00:00,21
cuvmkrnatxqjxspsshguipcrkpxwqslelkezyqerpetjsmvofqfupwhfwwvzvra,Somali,2021-02-03 03:00:00,53
gqdfxjeoonfdswehiv,Dholuo,2021-02-03 04:00:00,13
fvuzpcgtpdpyucxzkohfetjdekucjexpmoteauvbxqmyzutphktwjnlxskz,Kikuyu,2021-02-03 05:00:00,85
uksqvcnwpyqwvxqwb,Maasai,2021-02-03 06:00:00,98
thzmsezwffsimzswxeazlglkbgoyavjipxacrhnlgggvqczldzluijrevntompskmxq,Dholuo,2021-02-03 07:00:00,27
rvryabboztijfkgpbtchdfwbmpxumuqqephsdzdjzxu,Kalenjin,2021-02-03 08:00:00,44
waynpcytwmfndnttjbvekfxqdnsazkbdenofbnokghkostidmfkyuikfwwyvcecrqkad,Maasai,2021-02-03 09:00:00,34
eugxuluqoibmxepmahhvotuthiqrbwj,Kalenjin,2021-02-03 10:00:00,20
vvwqchfhnmqjviqucftorqkntvprvgjzjwausx,Kalenjin,2021-02-03 11:00:00,12
hsycphklxyddwghcdt,Swahili,2021-02-03 12:00:00,89
ograudvvczzpmgyfbsowtkqyn,Somali,2021-02-03 13:00:00,94
ukfirtsaasrflnwskqgoxdqqhasprjaugnhpsqjibbynxxwgnpdbcvtyngpcat,Kalenjin,2021-02-03 14:00:00,69
cndaknwbcztmhnylzfuacfpnaglvqcvdicydbrakklybjokbqz,Maasai,2021-02-03 15:00:00,25
acldmalqeeroltztljihylokmvtjzcvusdkifgfncipgwstdpjqn,Maasai,2021-02-03 16:00:00,4
muolhvkgosocnikloq,Dholuo,2021-02-03 17:00:00,4
tuufoojpsjygkqkkohjhuksywbdnyjqayfuwkirynu,Somali,2021-02-03 18:00:00,92
tgjzolpibyggmrslgpagb,Kalenjin,2021-02-03 19:00:00,5
cbmfsaplopnpfiwmpeunpazcalwrkmprfcvjdiefzlhsletpsveznnfcpjkcdpnohhbhtetdtperbk,Kalenjin,2021-02-03 20:00:00,49
sununwpjzatfwuapqydflztqfjxq,Dholuo,2021-02-03 21:00:00,55
dwtqttvndviybox,Kikuyu,2021-02-03 22:00:00,100
yajtwgacknxbzstoqdxqvwrbrujjfapswsflgamcrupgvfnsmnoezpkgvckhgs,Kikuyu,2021-02-03 23:00:00,15
unnsurwxlerhpowwixcjmojpusmblajrzpabrsxcbhczdanvvfoc,Swahili,2021-02-04 00:00:00,34
qelbvbyolyet,Kikuyu,2021-02-04 01:00:00,99
btbqgfwxvclzdbdiqgxsca,Kikuyu,2021-02-04 02:00:00,21
oqgxdqxafxuvuujofbzficsgvqpfoomxjjjrbibvknezfuohkrdhyili,Somali,2021-02-04 03:00:00,59
kxxtdkrgcuqmvytnccqsmrncbhdiavconhrmhyncjxowslaegwsejjkeniwr,Somali,2021-02-04 04:00:00,14
vjsoqnfxaaxdakxgarrwi,Kikuyu,2021-02-04 05:00:00,77
kdubaaikxothhuhexxsxaugsvbsyuvcykeextvrzeotpmjitacnyltycyqtgqjvmrqsqtlpcayh,Swahili,2021-02-04 06:00:00,18
ieuuzncacxhdihcpjxibdolcahjstvlszreufoannoeuxooxkgifuetfhrjqrhh,Dholuo,2021-02-04 07:00:00,14
ccwhkcjnnohqsumnvaswcsxvvshzixslhxhkbcaewddptrxgjkurmnhewqxkqtvqmfhabcrbmjvmxvu,Maasai,2021-02-04 08:00:00,40
zfrgwsyfvgvjwf,Maasai,2021-02-04 09:00:00,17
byzuvuipgohfupuieawbfrjwfjceqehowsqtjvvxjnsgxkomvabzjqulwrpgvmmwmuqpytnrxbwvzo,Kikuyu,2021-02-04 10:00:00,17
izevbssbrvxalwkutvtsjtbltbswauiliqgrrhgzmipquolrgvpgdfougysgtvongnph,Kikuyu,2021-02-04 11:00:00,100
pterrutcwcoqf,Kalenjin,2021-02-04 12:00:00,23
clbfqgadybxozvvfdtccltfdfqezarxhrpjbfjrxgohzrqtrjabxurtganozmw,Dholuo,2021-02-04 13:00:00,90
aduyryshzliatoxwdnnbhsccqsqrgmzrpuawulqzikjcphflqiwaoqsiuisdzpidosfoebtfwjpdhcvhsibynljwemj,Kalenjin,2021-02-04 14:00:00,28
fcrfcpmiomoszrjfvdnmmgbvtmicwsqawqeggufjsxeaaaoyynfjsphswmajmhpoqjpvgdwvsdwrrxrp,Maasai,2021-02-04 15:00:00,64
rfyxvyctgwbegnrmveaebrtqabrsdalyhmjcrbfmdzjglyxawlptwmtpzjgtgabypkcxdejhporrnjcavbp,Swahili,2021-02-04 16:00:00,41
igilconpvkmfazviaexoqfpfcdwfnnknmgfdwisxprmhijopxukesldxyryqwypngbmlreoifpcbzzffgeasbkaqwtmm,Maasai,2021-02-04 17:00:00,97
fgkvopqdscymzyj,Kalenjin,2021-02-04 18:00:00,47
ynjtidwulagpqapxsvzgsccyuitkewrchwcwknzwsaszqvytpkrttzbfvuwkfzo,Maasai,2021-02-04 19:00:00,74
qagcqyrfvpstznjmmnjnrdsckjgovtghiswokfycsrffaitlqmhfjjazfwvlmvpl,Kalenjin,2021-02-04 20:00:00,69
bekdguvldpmzwnorxngraedanqcbjlqnhacamufcjwuytdumwciarsxrak,Kikuyu,2021-02-04 21:00:00,33
hcsjelpzsdqkhkpbxjyjt,Somali,2021-02-04 22:00:00,12
vteqcxblbnrpfcmphgtlqlgcffptekymm,Swahili,2021-02-04 23:00:00,29
zihmpeqnvmbmmqypyamhxkwldrpvhngeuzfddktdxrsgxjevt,Somali,2021-02-05 00:00:00,61
pcxuyoymjhekebimnouvunwlwqnrjkdpagveetigkgnuodjzhwialkxdmeemhthcwvjfieuctpoareiwrh,Maasai,2021-02-05 01:00:00,31
gnndnlnsydxepyfwlhumfbihkfdnhkfqh,Kikuyu,2021-02-05 02:00:00,49
hxmeujvjkxhguuewjdycstgqloxbycvxjyvcipcqxbqjftgovrbffuvrssbmawvve,Dholuo,2021-02-05 03:00:00,4
usaohrewmotijnlwzwaofvktmzzywjqpybqhnclhxobgjwtibvpaudqbjwfbllygniiwmfjjcartpfmlsafvtpzum,Kikuyu,2021-02-05 04:00:00,82
oizgwdpzqanayigzgrvgmiwbvqsrcrbcfmgchiajcfwcrgjbdawstrnwkjupwzjmaluumr,Maasai,2021-02-05 05:00:00,54
hwnqwlaoyfxhyrshpsvkzqlkqdhpnwjhbysrnmdgfedrunvlsgozslsaizxxemgkxolipbnrvohtphcehuvhpfopqeknyd,Kikuyu,2021-02-05 06:00:00,43
kvbqytvontsrgckgjyxbyafcdmebvnpggtlsroiwiqswakvfmihaxpoz,Maasai,2021-02-05 07:00:00,75
vzpggeycfnotfcxqlretubnrvgbjsuuuojywvbiznrayfbvly,Swahili,2021-02-05 08:00:00,3
ayjpkswakgrxmmhpqcdbwvovzntwuoopqwaaacfhjqqlgubodueppyypcc,Kalenjin,2021-02-05 09:00:00,48
emueswnhlrpjnto,Kalenjin,2021-02-05 10:00:00,69
tldjaznpvwqqcchottpwrtkrzoocwyqkcwmwrxnizsdukpjqihhbsd,Maasai,2021-02-05 11:00:00,4
rdgkwzsqfwikjjtgkpmwoejqqekqalzhzbnyqvitxgiompzmoqcqvztphmcifjhkkftpwypwcwhoussugpbix,Dholuo,2021-02-05 12:00:00,18
nkqbrgyymhsjsoskfbziwwdamlrluaytudlfhh,Swahili,2021-02-05 13:00:00,66
uvmetuoctlmicarabagmsvfstsxjfuamcomhir,Swahili,2021-02-05 14:00:00,88
ielzvjitxpmtfmnppennafrdlwiyftasycmkqwkpzjrmzipqtohxeonzafgcyvedachfvgltevaoubogtekdqntzim,Maasai,2021-02-05 15:00:00,68
xsvlaewuucvjtcsltxpdznprsibzt,Somali,2021-02-05 16:00:00,79
nagykmfdieelgqlfxcqbgppyhpfsnbawrgxfeabwfmofscjdagpgevaznnoiijcpcbsykywaftrjtlqebvyvrysrimruvkekmhim,Maasai,2021-02-05 17:00:00,77
cjhwwqpfdqvbsudkqorntleauggfnwcydlpgkmkufrhgjrwjercdwdjzybhtnndqsmsvgrwdjovmplwnfwroamhmc,Kikuyu,2021-02-05 18:00:00,26
vyndnzaptaarocvpczmitytcmuulspj,Kikuyu,2021-02-05 19:00:00,22
tfimivsxzqpiwwyjjkdbkinegxvwoqxpnljfpvrassqrivrrfxgsptrjiokcedblobgawddauozadozozucgitstkbtxobp,Kikuyu,2021-02-05 20:00:00,58
yhoslgohliifnsghjsatc,Kikuyu,2021-02-05 21:00:00,22
jxgoiaqhxwkeowhwxlbgxmqpvqbzarroccygtpvivevhbimeloqorbbdkayrfxxsreaesegovicethiwqix,Maasai,2021-02-05 22:00:00,82
ptgpmjjurqkojhhuretvscagxzofbzrbulohylidfssvleyfawtkfpticsypurmohhzesborayaayitaz,Kalenjin,2021-02-05 23:00:00,14
hjtbuuwtaxymxzpfglysayzlefmjzjchfidrq,Somali,2021-02-06 00:00:00,93
izmspjnyzpkplcjsdlrfbpripopujmpalikdvomuwpjjdwpcjlodehglcrlmnpbesazknppvfyzbjxp,Kikuyu,2021-02-06 01:00:00,42
gamsfofolwpijmzutrmsvezfguqyhzsqnqhfocncohedeqjqovkasbovltmlfuvhqisydoaduhp,Swahili,2021-02-06 02:00:00,57
ggrdjvdkknbvqnkwwyxlrlrha,Swahili,2021-02-06 03:00:00,5
ezbfmkmujjeyyakqzzucmxtseecktnzvqupjfgjpzhvvfphqwmrqbfrevbme,Somali,2021-02-06 04:00:00,85
camfxnmjischkfrpulfcaomabbxmkvfixnyjlsnktmsvvjumehdclrfnhgzrveskjxwtwnbnec,Swahili,2021-02-06 05:00:00,94
lpwwmcsuvxlcyhmszgephpazmrrewhbclwfmpqlniba,Kalenjin,2021-02-06 06:00:00,19
jhlmlbqvtmaskwjwswxrhibexr,Dholuo,2021-02-06 07:00:00,33
dbpjwwvcmpcnlaiijqhslsynatpyaygoeonrpniertxoyxiwxdfwtgliyolgms,Dholuo,2021-02-06 08:00:00,2
iuqkhnakbrsstjffsfeidpxjuxsmebwqvkaeofozxmeejljrtaaix,Dholuo,2021-02-06 09:00:00,40
onznswlcudiqtzsn,Maasai,2021-02-06 10:00:00,18
oekgkqwlllkkxb,Kalenjin,2021-02-06 11:00:00,13
qzbclhtkdhqrdlcahgcgyaetjybwo,Swahili,2021-02-06 12:00:00,17
vbwlbppenwvwkubatqqbrbgimkwevhrzuouhcaonykkzksmasjkbqfcvmpfwhknqr,Swahili,2021-02-06 13:00:00,100
pfdurquqlmfslhhisvetyyhyxkwufhyrvheftscempwdzigoqwvrajsd,Somali,2021-02-06 14:00:00,40
yzfnwsycqsoekulwuxgxzshmaesigeezbfjdujvxqznqucuebcyngbohfarygipfpchbjr,Dholuo,2021-02-06 15:00:00,79
blgdlhdixbsmppvjamhunjlxudacidnazbgaeuwrqmptwamqqzqlqlcaeabpegyhbczuevbrafauc,Kikuyu,2021-02-06 16:00:00,14
cekvnpzcpzxwyitkexi,Kalenjin,2021-02-06 17:00:00,3
adeiaxuqnvyzbsptwyirprplmrvgxfjlijzyliigusamugfodlvqhbuyocdwqfrtexgibefxauohsnfzyruhrzoaprolg,Kikuyu,2021-02-06 18:00:00,62
xkphezxlxknqysjzdrepoqejpcwnhy,Swahili,2021-02-06 19:00:00,82
okiceefxgkvnoaiodiethtmdtbcnpitaxtjiowaehhgckstxhmsfzppxakknudqtirqhycfalzruqizrdwcvrriufqwaiel,Somali,2021-02-06 20:00:00,27
dgkxdhuufqqxwizqmwbjmdrbqocmgmnbsssnfveapzfxhtiatfetsmsrwyvaeykekh,Swahili,2021-02-06 21:00:00,92
wnyukdstbeytwndeqlpcitehulsujiemhflsjboptdalxwiwevohngscvhaelrbwhedurbppneukhsqbyucqrnunmicqntaqosve,Swahili,2021-02-06 22:00:00,5
mxkhnoowxnntocggdmywucffpemkkplkcnzyu,Somali,2021-02-06 23:00:00,39
vnyavyzxpvulvzlitfuptdufbjznedcjelwiptddyqpdeogtujxoxvzgmpqjwulgaobwagsjdddyylwivnpzv,Maasai,2021-02-07 00:00:00,62
syqocshsjdafmdcntgvujooujhaehkyvgzskgbvavuxxibbsjhiblvfqfajhusduelgu,Kalenjin,2021-02-07 01:00:00,6
udmlasgqnowvvoqwhbbxcbkc,Dholuo,2021-02-07 02:00:00,70
xjsdiybjfzjqwryclivpjqxwxohlkdwgxbkjib,Somali,2021-02-07 03:00:00,15
olrmmgcuhtnexgacgtavdchlycvwvcwigowlzknrarfcrpgvtgvnxwdxsabzyppyagdvcjij,Dholuo,2021-02-07 04:00:00,89
fztirxvclmmkgxitgtsjggelyrqtifvf,Maasai,2021-02-07 05:00:00,80
tlynksbrqcrgebcsvzxdaowzwovvqnigwtxaanhvyeelyudtmnsnody,Dholuo,2021-02-07 06:00:00,51
isozsumpumcbptuvkpieffdtxmtvhzgtotrbuilmwfygcclbklyrzaxipnhcaquqexjfalzuzweuvvckzjeadohdqcsjfpnmhf,Dholuo,2021-02-07 07:00:00,53
jsvpavetagexzyqvajdhqfajlgb,Swahili,2021-02-07 08:00:00,5
tferetfmuyrqxugsksujhmntojsmuewwvzpqlptqzvdirjmluem,Kikuyu,2021-02-07 09:00:00,85
gcxaaepzcrkeuluxngddcpcepfhwlodaciximkvlxjapfxtqkijnbiuhlsnmzwzkjzhnnuu,Somali,2021-02-07 10:00:00,36
axwklrvllfwxxolkfkxjdecegdwozeiheyromfmcglvcwhcffrymvxlgwucdxvjlwuwofyqpzuhrorjwjcmdnqynitmd,Dholuo,2021-02-07 11:00:00,58
kpexfnkynzrmmtnxzm,Kalenjin,2021-02-07 12:00:00,84
ehufxpovibwspgtfjgbudpmzdckevlhmhbahpdukflasnkjoibi,Dholuo,2021-02-07 13:00:00,66
hyozdggfmaxtbdimzfvlzobuhwzppfgkvduogqieorddooblhyoltujt,Kikuyu,2021-02-07 14:00:00,46
canzzuwpunfoadtbjzvjwyqybqyyxhqsfnuoloaznkfvmbudbrliwavqwthkwmgdpvlqizljtywrgvlmolwnsbcahngvtnrfk,Dholuo,2021-02-07 15:00:00,13
aaurprglvustlvtlwvorvhxjkcrhfrtixxuxbubeujhgaytfqfiuhkjirfurreczcumawc,Kalenjin,2021-02-07 16:00:00,89
ganqxkcpihtrqreaenoeusdldanhuypabhntlbeglcszbilyvsrzduyoyvjmatbbphifonfu,Somali,2021-02-07 17:00:00,83
qqbvtrdslspjmkhjellrpplgsqzxsmzuhovxktsymxezcozeumlamgkpwxokvgpyqhazmhzbosnshjcrcemacmfnlvhgpfopnc,Maasai,2021-02-07 18:00:00,20
tvpuaesymijodyjjbhrlnclpbhmrijyooimmfdwctjsiyxofawesofrtaxrdxylyqteswmpzhukowsufdoikxzjjifn,Swahili,2021-02-07 19:00:00,22
itklhzfumaoetsrapxfuudrgwgdxvkcwvsqprnmifgrpdqaqmvmbndzwqfxrkubbfnk,Kikuyu,2021-02-07 20:00:00,82
drfdobmducmgfcaxtstqdmiygsgkdflbxeyldaxtzhsovtxrrselkdilsryjklaza,Kikuyu,2021-02-07 21:00:00,81
hjsltffxnckdcejyubcgbhgwomauuiughxrpprtbbrxkrvamrdbkrelqbgdphmlntrumgaxgcrqxneogwbpledngspbjqmszon,Maasai,2021-02-07 22:00:00,29
diyoquhgsvngvrluegdabzxpgfgxixcnudsgffmigyyhwruubolkwxdecgesodnaotxgsohdpwrwle,Kikuyu,2021-02-07 23:00:00,6
tyrzqkmupezpkeqdmrhfuiekdauvytyqrjswfbwxkjnmllwadetgqusioqvgzmbwdkfrsvkcsbwbxhhtrumekxvb,Maasai,2021-02-08 00:00:00,62
poycsclgqhyvjecjbjjtdznonizktqhgqedayrdpituppxasjyjfqoapancmuyiznmfytexhul,Kikuyu,2021-02-08 01:00:00,51
edwcmrwmqfautxlltcylkzfovhboagyfzttlcyeclaemhdwoyujcanhpoismjmemwrlieblthrtylzkzvghzhf,Somali,2021-02-08 02:00:00,69
mikfhzccxlekkpblfzakaufokcbxwhmjvzgzxwmmavwupeeyfokgryvorizmzrpgmdzcmnaqfofkdqicwikgfzjybvxwmxpopef,Kikuyu,2021-02-08 03:00:00,46
coifmlurspeiwrbgfh,Kalenjin,2021-02-08 04:00:00,33
ixgzovzemzxhhwyyezctf,Kikuyu,2021-02-08 05:00:00,69
couplsdjpymqwlmtxhth,Somali,2021-02-08 06:00:00,84
xaiteuspogy,Kalenjin,2021-02-08 07:00:00,30
qbluwkdfreozndgcwwiiarmtk,Somali,2021-02-08 08:00:00,35
eenysjuzbviwhbphtcolcxytihmlusbooomcaeyawieqgvvejcchcft,Dholuo,2021-02-08 09:00:00,6
jsrfmhcfztiqjyypvmnxqdsfvyc,Dholuo,2021-02-08 10:00:00,47
uzgpeukasitftjnqeejhfkicrnuufcinffhyadbpxbuegppoqzordprigflcbpunpztvldqxhwwfvdyhrfylifjbnabyfmlhila,Kikuyu,2021-02-08 11:00:00,55
tvfetcgbldjdqqpwngtqmjcjopdfuplshiyukmeomgodagdear,Somali,2021-02-08 12:00:00,4
gfcbmqpqoyjaixiokkrgxvkbmehexyxzgssrfmqgyaocg,Dholuo,2021-02-08 13:00:00,23
krsccasqyjaehvpjq,Somali,2021-02-08 14:00:00,65
fymkwmzguemdcnssmhvfudvpilfbiisxfvwdxltnikilldphoabsabnr,Kalenjin,2021-02-08 15:00:00,34
fjtpgtthxgsbjkkhmsjlgujyysklccvoyjbvhojgcjzmwojnzcuspbsmplp,Swahili,2021-02-08 16:00:00,100
hornsdnmmriamvpxdfkjzhgpbheafyeipnviimixgxtntboqofidvsxpwjylxhlbmhgearjgxj,Maasai,2021-02-08 17:00:00,57
rqfokdigxhbnoyrkrhlmechkizmlbbitwaaiddnggtioowkduyicfnwocvwu,Somali,2021-02-08 18:00:00,45
gjtovnooclvfmiglcxkzxtroryhap,Kikuyu,2021-02-08 19:00:00,99
aokgoiszgsordafdgllzdojndis,Kalenjin,2021-02-08 20:00:00,63
bxdndlmqcqpapwotljfxpqocwrohgphrskgaoqkbwxyicrsqvhobbekzugptwhezcijoddhltszmayiohejytynlhezdfhfkeivr,Swahili,2021-02-08 21:00:00,14
dmnbvfvkwmhrhvyjkggmbfqtwfhxrkkhwtfjofaajxkjpmyhfngvi,Somali,2021-02-08 22:00:00,65
mwvgnxvjqahykpiznjidzfaqnsa,Dholuo,2021-02-08 23:00:00,59
cuxqnswzyth,Dholuo,2021-02-09 00:00:00,6
pqnpbavdtiyugvxjtaubcuvwepgmmierovcuellutzzwysbhhgzlwvlkwgzimgntqlmcmunskg,Somali,2021-02-09 01:00:00,60
bnlluphbpckogponjibfqswiogjqytrqlvxyisuaqplstbupssipwwriarbbftmrrkuhinqzpc,Swahili,2021-02-09 02:00:00,32
yavltcefbinsmseodvvpdyzxpgpfdwsecoafqqswnhmsxxhgpbliuzccaqrvvfqmwahzqodjjxj,Kalenjin,2021-02-09 03:00:00,27
pblprzjqupjeaq,Somali,2021-02-09 04:00:00,13
xceudakkzvklnrvvdtwkbgntszbplyjgghpr,Kalenjin,2021-02-09 05:00:00,11
etrlmzdfrzxxq,Dholuo,2021-02-09 06:00:00,62
ybwpuiwyyxygstvpsxqrlplkmcfyzakxifmacfzownbwngecdgpfyhksfscsbeufvnklffazbrxfeetmkomrjhgelq,Kalenjin,2021-02-09 07:00:00,91
nwtmeaesonfrheivippamuioadxuhpuapmhboszqqfolpjdcmccisytgywzalgoyyntrnh,Kikuyu,2021-02-09 08:00:00,58
hmxxrpwlqpgedfajshgiflymqrhwxxjwinyrsknmlihazfhfjpd,Swahili,2021-02-09 09:00:00,15
sfepodhwueoglrzvyxbjhlmyqgig,Swahili,2021-02-09 10:00:00,88
bpaxlhrquzpgrdhadouamadaqnmhwipafisrecjvknjpuvxhdmyhuxwekdcfdkmnve,Kikuyu,2021-02-09 11:00:00,27
vpirclhkfkwdqiluarmlqyzxdahwgjnstxaiuwzuhyncowxgeyyc,Kikuyu,2021-02-09 12:00:00,75
qdrrqiahzmnjfvyoyhgdupxtcsueufyanzoddxzssewxyfdgmyylsrxonjujbchwxouuuibpqszkevkfkyjswxnmaqsbwzxqoznq,Maasai,2021-02-09 13:00:00,56
ohxhtywsgtitpkv,Somali,2021-02-09 14:00:00,65
poektrzetcyauwgsbkyowrcvcxhlefpjewmdrakqtqfvhsjqcqcclgkgolrajvnfmpuhqdclvcwrxicknnelbyapxxajjnewfx,Kikuyu,2021-02-09 15:00:00,10
ngwzgvjysugbupulorkolkdfsupobydtichlsmwpqdywztoitdevfcmyzgddyjmkiiqaxiwjbgnuyapsbmhqcjyqpiuiv,Dholuo,2021-02-09 16:00:00,78
lenrqpwejvhzekiskjuqcldrwjhdftrfvexhvcvjejwjwdisoxzskhzyitopjzgrnupafpggy,Swahili,2021-02-09 17:00:00,52
vloanynqcvfjgpejhrseqvfonjptfhckeyrjvrfxjldzoqnwjowsfihdaltdycazjrgtyiarkzglmwifitjzpbefhrfjtvv,Somali,2021-02-09 18:00:00,47
lzbdkmxcvoanpxyqkbvngpugxmcvbxzsuhdhmjb,Swahili,2021-02-09 19:00:00,29
dmaiyfzxqhtrycspaonrtjvxqxqdfudlzsbpnmllrpc,Dholuo,2021-02-09 20:00:00,89
reqmmktvpfamcspttqwnicdsa,Dholuo,2021-02-09 21:00:00,97
octmqsgpiclsomzwdniczlfgucrecap,Kalenjin,2021-02-09 22:00:00,38
rnjwhkwvjdmhrxvwfprwzwzvbrxpvtkvlwdalrlmcdfvjygqribqmjjxfngtnzibchtrroawqcoqei,Kalenjin,2021-02-09 23:00:00,41
zbenhjgbqswdnpaualuyylrcdocywsrzzjkcxmlxdjthygptrwawwaakasbposq,Dholuo,2021-02-10 00:00:00,53
lmkvkqntirajfmcgaaczsnmrztbkpsjsrssijmvvtijwdtc,Swahili,2021-02-10 01:00:00,44
yivqcuoovprgyufoguydvuali,Swahili,2021-02-10 02:00:00,99
qklquuwvifnyi,Kikuyu,2021-02-10 03:00:00,57
klsjyccmaewkluenmqsqfzcwclxognimvjobjoeuyedwvezbjhxhbqjlcvctsququtpmfqdymj,Kalenjin,2021-02-10 04:00:00,46
yiflareqnbwv,Dholuo,2021-02-10 05:00:00,48
bxfflxeacyfscseasdliszomggmphlffxjtbfmykgzktqowcvrndsskjeqzyphteczjacoiqmqvuibvhwaotjwrzwmrc,Kikuyu,2021-02-10 06:00:00,65
qyttghzyxzrzkvnhgsmofdsxkgdjgiujxrpprqlkb,Somali,2021-02-10 07:00:00,81
olxephzcrblmycahgkmqvvcstiftiaxkvdbjan,Maasai,2021-02-10 08:00:00,40
krzdventftbgiwlwjudlmzvjrabaydphauxbitpapjs,Kalenjin,2021-02-10 09:00:00,57
hlvctnlwmxpbaeegttzqhliqbnjrxqqnawaqncsvpundoejckotxbbulgonavywluuwaqhgmtwpqcjfkuuvrbphddjewailbpd,Maasai,2021-02-10 10:00:00,68
itlunwkcdz,Kikuyu,2021-02-10 11:00:00,56
shoogeblpftnpdrpqhhmlhlrazqqteegzrxxmaxxnpkbujgtytcdoljeazoiqjvylzafuhcndrbtprkhf,Maasai,2021-02-10 12:00:00,78
tyzntfvkjhgkmupwsydszezdwatfffaukaiel,Kalenjin,2021-02-10 13:00:00,9
jphbgsgbtyxbqogujqfrgmyndxlpgnykfgnckzyhtjoxusmwvpsbpoqjwfajryknfosfxfymel,Kikuyu,2021-02-10 14:00:00,96
bcrbfnzygvsd,Swahili,2021-02-10 15:00:00,66
mofplamksqykwdiejqkukmfkidrynadtokymozpbtnvvrzanmsntjhvpzdcqhttlwkxole,Somali,2021-02-10 16:00:00,66
iqkspplrfxvcfspikezewekwjkovcxifkserqlfefihohnnmvylciyuvylpbjtbiwfnoqruzopkmjcox,Swahili,2021-02-10 17:00:00,45
ayugwvzcvvpcgzguteoaybmgywlcaodkuyhmbgbcaqtxtddgrkwnrrgdhoxpmmxsjgyuy,Somali,2021-02-10 18:00:00,53
efzypomeynmyavhvh,Somali,2021-02-10 19:00:00,16
gagnkwzipfqpibcybflljvbbngaothrbpxxgvxhqrtetuclobpzlgozqfrgbwcoinqzxhagpydylpfvyhdelrcahcpldpzkeatvh,Swahili,2021-02-10 20:00:00,19
rthzjqpsnmjrtracretgyhdchrqddallxsaypqsdshswpu,Swahili,2021-02-10 21:00:00,89
kglnrxzqbmndzdgesz,Maasai,2021-02-10 22:00:00,25
pndzlvlyygqvrywnlkwcxmrmvlgneyj,Kikuyu,2021-02-10 23:00:00,16
rgvmpnwjsgdvcsvhudwxxczxasnkifhpfhybhmtzn,Dholuo,2021-02-11 00:00:00,13
ujhawjhdjarrxnrojjlzorgpammgwefdhwrntvyueuwxczillwouzexhavrzkgakwvonzidaqoqteynazpxhppz,Dholuo,2021-02-11 01:00:00,73
jflubsguapenfsvwqszohz,Kalenjin,2021-02-11 02:00:00,44
qsodwhlbcjocodgzcewcqoznmluxciqokcumhqtajekmzrbkkmxqnpmhpwatmnpkzd,Dholuo,2021-02-11 03:00:00,10
bjcxsvqesrmaupqavjrcyczzszamhw,Kalenjin,2021-02-11 04:00:00,96
xjuiqakolyjgyovozsljnpuxeqz,Kikuyu,2021-02-11 05:00:00,18
qklaqpnkbjozoeefvyujfnkacayttmeyeq,Kikuyu,2021-02-11 06:00:00,88
kplkkqorblezynbzptfojrkznnftjprpuflbqcdebjmldxkzoqfmrn,Kalenjin,2021-02-11 07:00:00,40
otzcvmnscmdoyagockhpwkhezekzwhr,Kalenjin,2021-02-11 08:00:00,65
kvfzxjivgwxplclcfshmajiiesfsbjulfdmfrlhboadwdsuwahvyqylkmocyaaqlkmeogbrszlfcrcgtgzlypqwpnsdegkp,Swahili,2021-02-11 09:00:00,52
ioeuzrcrhmyzgdnrjkrmtweojvjbqgtfqh,Dholuo,2021-02-11 10:00:00,70
dzhlctxejtqthmwpqvnkpybeqyzvlycalreodjhvntbksvxpkyvkfgvopjagusagugtepvllwyotgbte,Somali,2021-02-11 11:00:00,60
xpdzjxixnzrpnpwmad,Dholuo,2021-02-11 12:00:00,40
qvvwnszdqoheyqofknsptbvbwxrzabaohcfqfwdaxnllsgqvdysidhyvlxcyqaabnzonatlclooyjrjhjubq,Kalenjin,2021-02-11 13:00:00,35
antauuppvaexxvcyuyfjvfsmbeucqsxdmpol,Swahili,2021-02-11 14:00:00,20
egqdyeredijyjmrvglvgntegwvvgsnllmvekvsrk,Somali,2021-02-11 15:00:00,61
